Workbook

Sheet LNR THÁNG  1
A1: BẢNG LỢI NHUÂN RÒNG THÁNG 1
A2: CỔ ĐÔNG | B2: VỐN CP | C2: LỢI NHUẬN GỘP | D2: LỢI NHUẬN RÒNG | E2: TỔNG NHẬN | F2: TỶ LỆ ĐT
A3: A ĐIỆP | B3: =Table73121879162330353842475259[[#This Row],[VỐN CP]]+Table951520511142528334044495457[[#This Row],[VỐN CP]] -> 69784167 | C3: =Table73121879162330353842475259[[#This Row],[LỢI NHUẬN GỘP]]+Table951520511142528334044495457[[#This Row],[LỢI NHUẬN GỘP]] -> 21976044 | D3: =Table73121879162330353842475259[[#This Row],[LỢI NHUẬN RÒNG]]+Table951520511142528334044495457[[#This Row],[LỢI NHUẬN RÒNG]] -> 12987740 | E3: =Table73121879162330353842475259[[#This Row],[TỔNG NHẬN]]+Table951520511142528334044495457[[#This Row],[TỔNG NHẬN]] -> 82771906 | F3: =D3/B3 -> 0.18611299
A4: CHIẾN | B4: =Table73121879162330353842475259[[#This Row],[VỐN CP]] -> 81893333 | C4: =Table73121879162330353842475259[[#This Row],[LỢI NHUẬN GỘP]] -> 24281548 | D4: =Table73121879162330353842475259[[#This Row],[LỢI NHUẬN RÒNG]] -> 14639970 | E4: =Table73121879162330353842475259[[#This Row],[TỔNG NHẬN]] -> 96533303 | F4: =D4/B4 -> 0.17876877
A5: CHUNG | B5: =Table73121879162330353842475259[[#This Row],[VỐN CP]]+'Tháng 1 nhà S'!L4 -> 7.8874083e+08 | C5: =Table73121879162330353842475259[[#This Row],[LỢI NHUẬN GỘP]]+'Tháng 1 nhà S'!M4 -> 2.7106696e+08 | D5: =Table73121879162330353842475259[[#This Row],[LỢI NHUẬN RÒNG]]+'Tháng 1 nhà S'!N4 -> 1.6973725e+08 | E5: =Table73121879162330353842475259[[#This Row],[TỔNG NHẬN]]+'Tháng 1 nhà S'!O4 -> 9.5847808e+08 | F5: =D5/B5 -> 0.21520028
A6: Đ. THẮNG | B6: =Table73121879162330353842475259[[#This Row],[VỐN CP]]+'Tháng 1 nhà S'!L5 -> 75105000 | C6: =Table73121879162330353842475259[[#This Row],[LỢI NHUẬN GỘP]]+'Tháng 1 nhà S'!M5 -> 23106801 | D6: =Table73121879162330353842475259[[#This Row],[LỢI NHUẬN RÒNG]]+'Tháng 1 nhà S'!N5 -> 13600861 | E6: =Table73121879162330353842475259[[#This Row],[TỔNG NHẬN]]+'Tháng 1 nhà S'!O5 -> 88705861 | F6: =D6/B6 -> 0.18109129
A7: ĐẠT | B7: =Table73121879162330353842475259[[#This Row],[VỐN CP]]+'Tháng 1 nhà S'!L6 -> 35213333 | C7: =Table73121879162330353842475259[[#This Row],[LỢI NHUẬN GỘP]]+'Tháng 1 nhà S'!M6 -> 12971636 | D7: =Table73121879162330353842475259[[#This Row],[LỢI NHUẬN RÒNG]]+'Tháng 1 nhà S'!N6 -> 8543096 | E7: =Table73121879162330353842475259[[#This Row],[TỔNG NHẬN]]+'Tháng 1 nhà S'!O6 -> 43756429 | F7: =D7/B7 -> 0.24260969
A8: DT | B8: ='Tháng 1 nhà S'!L7 -> 6795000 | C8: ='Tháng 1 nhà S'!M7 -> 3124019.9 | D8: ='Tháng 1 nhà S'!N7 -> 2375974.3 | E8: ='Tháng 1 nhà S'!O7 -> 9170974.3 | F8: =D8/B8 -> 0.3496651
A9: HẰNG | B9: ='Tháng 1 nhà T '!L8+'Tháng 1 nhà S'!L8 -> 8.0778333e+08 | C9: ='Tháng 1 nhà T '!M8+'Tháng 1 nhà S'!M8 -> 2.6698156e+08 | D9: ='Tháng 1 nhà T '!N8+'Tháng 1 nhà S'!N8 -> 1.6079777e+08 | E9: ='Tháng 1 nhà T '!O8+'Tháng 1 nhà S'!O8 -> 9.3513017e+08 | F9: =D9/B9 -> 0.19906052
A10: HÀO | B10: ='Tháng 1 nhà T '!L9+'Tháng 1 nhà S'!L9 -> 4.1494333e+08 | C10: ='Tháng 1 nhà T '!M9+'Tháng 1 nhà S'!M9 -> 1.5002235e+08 | D10: ='Tháng 1 nhà T '!N9+'Tháng 1 nhà S'!N9 -> 1.0003717e+08 | E10: ='Tháng 1 nhà T '!O9+'Tháng 1 nhà S'!O9 -> 5.1498051e+08 | F10: =D10/B10 -> 0.24108635
A11: HUY | B11: ='Tháng 1 nhà T '!L10+'Tháng 1 nhà S'!L10 -> 51435000 | C11: ='Tháng 1 nhà T '!M10+'Tháng 1 nhà S'!M10 -> 15085243 | D11: ='Tháng 1 nhà T '!N10+'Tháng 1 nhà S'!N10 -> 7627804.1 | E11: ='Tháng 1 nhà T '!O10+'Tháng 1 nhà S'!O10 -> 59062804 | F11: =D11/B11 -> 0.14829987
A12: HUY ANH | B12: ='Tháng 1 nhà T '!L16+'Tháng 1 nhà S'!L11 -> 99101667 | C12: ='Tháng 1 nhà T '!M16+'Tháng 1 nhà S'!M11 -> 35197056 | D12: ='Tháng 1 nhà T '!N16+'Tháng 1 nhà S'!N11 -> 24431148 | E12: ='Tháng 1 nhà T '!O16+'Tháng 1 nhà S'!O11 -> 1.2353282e+08 | F12: =D12/B12 -> 0.24652611
A13: KIÊN | B13: ='Tháng 1 nhà T '!L11+'Tháng 1 nhà S'!L12 -> 4.0571833e+08 | C13: ='Tháng 1 nhà T '!M11+'Tháng 1 nhà S'!M12 -> 1.4162093e+08 | D13: ='Tháng 1 nhà T '!N11+'Tháng 1 nhà S'!N12 -> 81365506 | E13: ='Tháng 1 nhà T '!O11+'Tháng 1 nhà S'!O12 -> 4.8708384e+08 | F13: =D13/B13 -> 0.20054678
A14: LUẬN | B14: ='Tháng 1 nhà S'!L13 -> 38973333 | C14: ='Tháng 1 nhà S'!M13 -> 16571624 | D14: ='Tháng 1 nhà S'!N13 -> 11190578 | E14: ='Tháng 1 nhà S'!O13 -> 50163911 | F14: =D14/B14 -> 0.28713422
A15: MẠNH | B15: ='Tháng 1 nhà T '!L12+'Tháng 1 nhà S'!L14 -> 191020000 | C15: ='Tháng 1 nhà T '!M12+'Tháng 1 nhà S'!M14 -> 64356110 | D15: ='Tháng 1 nhà T '!N12+'Tháng 1 nhà S'!N14 -> 40229351 | E15: ='Tháng 1 nhà T '!O12+'Tháng 1 nhà S'!O14 -> 2.3124935e+08 | F15: =D15/B15 -> 0.21060282
A16: N. THẮNG | B16: ='Tháng 1 nhà T '!L13 -> 8400000 | C16: ='Tháng 1 nhà T '!M13 -> 5211706 | D16: ='Tháng 1 nhà T '!N13 -> 2937946.8 | E16: ='Tháng 1 nhà T '!O13 -> 11337947 | F16: =D16/B16 -> 0.34975558
A17: NGỌC | B17: ='Tháng 1 nhà T '!L14+'Tháng 1 nhà S'!L15 -> 79818333 | C17: ='Tháng 1 nhà T '!M14+'Tháng 1 nhà S'!M15 -> 28010797 | D17: ='Tháng 1 nhà T '!N14+'Tháng 1 nhà S'!N15 -> 18063571 | E17: ='Tháng 1 nhà T '!O14+'Tháng 1 nhà S'!O15 -> 97881904 | F17: =D17/B17 -> 0.22630854
A18: NỤ | B18: ='Tháng 1 nhà S'!L16 -> 52721667 | C18: ='Tháng 1 nhà S'!M16 -> 19022348 | D18: ='Tháng 1 nhà S'!N16 -> 12775747 | E18: ='Tháng 1 nhà S'!O16 -> 65497414 | F18: =D18/B18 -> 0.24232442
A19: TÙNG | B19: ='Tháng 1 nhà T '!L15+'Tháng 1 nhà S'!L17 -> 2.0561833e+08 | C19: ='Tháng 1 nhà T '!M15+'Tháng 1 nhà S'!M17 -> 74470186 | D19: ='Tháng 1 nhà T '!N15+'Tháng 1 nhà S'!N17 -> 49471606 | E19: ='Tháng 1 nhà T '!O15+'Tháng 1 nhà S'!O17 -> 2.5508994e+08 | F19: =D19/B19 -> 0.2405992
A20: CƯỜNG | B20: ='Tháng 1 nhà S'!L18 -> 1583333.3 | C20: ='Tháng 1 nhà S'!M18 -> 890396.97 | D20: ='Tháng 1 nhà S'!N18 -> 733654.19 | E20: ='Tháng 1 nhà S'!O18 -> 2316987.5 | F20: =D20/B20 -> 0.46336054
A21: HƯƠNG ANH | B21: ='Tháng 1 nhà S'!L19 -> 2533333.3 | C21: ='Tháng 1 nhà S'!M19 -> 1317041.2 | D21: ='Tháng 1 nhà S'!N19 -> 1025904.7 | E21: ='Tháng 1 nhà S'!O19 -> 3559238.1 | F21: =D21/B21 -> 0.40496239
A22: HOÀNG ANH | B22: ='Tháng 1 nhà S'!L20 -> 2083333.3 | C22: ='Tháng 1 nhà S'!M20 -> 1330249.2 | D22: ='Tháng 1 nhà S'!N20 -> 932414.38 | E22: ='Tháng 1 nhà S'!O20 -> 3015747.7 | F22: =D22/B22 -> 0.4475589
A23: LÂM | B23: ='Tháng 1 nhà S'!L21 -> 89468333 | C23: ='Tháng 1 nhà S'!M21 -> 31659904 | D23: ='Tháng 1 nhà S'!N21 -> 22401581 | E23: ='Tháng 1 nhà S'!O21 -> 1.1186991e+08 | F23: =D23/B23 -> 0.25038559
A24: LINH | B24: ='Tháng 1 nhà S'!L22 -> 4700000 | C24: ='Tháng 1 nhà S'!M22 -> 2696858.6 | D24: ='Tháng 1 nhà S'!N22 -> 1723105.4 | E24: ='Tháng 1 nhà S'!O22 -> 6423105.4 | F24: =D24/B24 -> 0.36661817
A25: HUYỀN | B25: ='Tháng 1 nhà S'!L23 -> 13700000 | C25: ='Tháng 1 nhà S'!M23 -> 4908757.6 | D25: ='Tháng 1 nhà S'!N23 -> 3503690.2 | E25: ='Tháng 1 nhà S'!O23 -> 17203690 | F25: =D25/B25 -> 0.25574381
A26: ƯỚC | B26: ='Tháng 1 nhà S'!L24 -> 13350000 | C26: ='Tháng 1 nhà S'!M24 -> 4392079 | D26: ='Tháng 1 nhà S'!N24 -> 2997536.4 | E26: ='Tháng 1 nhà S'!O24 -> 16347536 | F26: =D26/B26 -> 0.22453456
A27: TỎNG | B27: ='[1]Tháng 9 nhà S '!L25 -> 1.7451667e+09 | C27: =SUBTOTAL(109,C2:C26) -> 1.2202722e+09 | D27: =SUBTOTAL(109,D2:D26) -> 7.6413097e+08 | E27: =SUBTOTAL(109,E2:E26) -> 4.2711634e+09 | F27: =D27/B27 -> 0.43785558

Sheet Tháng 1 nhà T  
A1: BẢNG CHIA CỔ PHẦN THÁNG 1.26 NHÀ T
K2: CỔ ĐÔNG | L2: VỐN CP | M2: LỢI NHUẬN GỘP | N2: LỢI NHUẬN RÒNG | O2: TỔNG NHẬN
A3: MÃ TOÀ | B3: CỔ ĐÔNG | C3: TỈ LỆ % | D3: VỐN CP | E3: LỢI NHUẬN GỘP | F3: LỢI NHUẬN RÒNG | G3: TỔNG NHẬN | K3: A ĐIỆP | L3: =SUMIF($B$4:$B$155,K3,$D$4:$D$155) -> 21095833 | M3: =SUMIF('Tháng 1 nhà T '!$B$4:$B$154,K3,'Tháng 1 nhà T '!$E$4:$E$154) -> 3878979 | N3: =SUMIF('Tháng 1 nhà T '!$B$4:$B$154,K3,'Tháng 1 nhà T '!$F$4:$F$154) -> 1471327.7 | O3: =SUMIF('Tháng 1 nhà T '!$B$4:$B$154,K3,'Tháng 1 nhà T '!$G$4:$G$154) -> 22567161
A4: T33 | B4: CHUNG | C4: 30 | D4: 13200000 | E4: 4928485.5 | F4: 3069862.5 | G4: =Table52111768152229343741465158[[#This Row],[LỢI NHUẬN RÒNG]]+Table52111768152229343741465158[[#This Row],[VỐN CP]] -> 16269863 | K4: CHIẾN | L4: =SUMIF($B$4:$B$155,K4,$D$4:$D$155) -> 81893333 | M4: =SUMIF('Tháng 1 nhà T '!$B$4:$B$154,K4,'Tháng 1 nhà T '!$E$4:$E$154) -> 24281548 | N4: =SUMIF('Tháng 1 nhà T '!$B$4:$B$154,K4,'Tháng 1 nhà T '!$F$4:$F$154) -> 14639970 | O4: =SUMIF('Tháng 1 nhà T '!$B$4:$B$154,K4,'Tháng 1 nhà T '!$G$4:$G$154) -> 96533303
A5: T33 | B5: HẰNG | C5: 30 | D5: 13200000 | E5: 4928485.5 | F5: 3069862.5 | G5: =Table52111768152229343741465158[[#This Row],[LỢI NHUẬN RÒNG]]+Table52111768152229343741465158[[#This Row],[VỐN CP]] -> 16269863 | K5: CHUNG | L5: =SUMIF($B$4:$B$155,K5,$D$4:$D$155) -> 4.1166417e+08 | M5: =SUMIF('Tháng 1 nhà T '!$B$4:$B$154,K5,'Tháng 1 nhà T '!$E$4:$E$154) -> 1.3808988e+08 | N5: =SUMIF('Tháng 1 nhà T '!$B$4:$B$154,K5,'Tháng 1 nhà T '!$F$4:$F$154) -> 79345994 | O5: =SUMIF('Tháng 1 nhà T '!$B$4:$B$154,K5,'Tháng 1 nhà T '!$G$4:$G$154) -> 4.9101016e+08
A6: T33 | B6: HÀO | C6: 10 | D6: 4400000 | E6: 1642828.5 | F6: 1023287.5 | G6: =Table52111768152229343741465158[[#This Row],[LỢI NHUẬN RÒNG]]+Table52111768152229343741465158[[#This Row],[VỐN CP]] -> 5423287.5 | K6: Đ. THẮNG | L6: =SUMIF($B$4:$B$155,K6,$D$4:$D$155) -> 10693333 | M6: =SUMIF('Tháng 1 nhà T '!$B$4:$B$154,K6,'Tháng 1 nhà T '!$E$4:$E$154) -> 636610.57 | N6: =SUMIF('Tháng 1 nhà T '!$B$4:$B$154,K6,'Tháng 1 nhà T '!$F$4:$F$154) -> -354918.25 | O6: =SUMIF('Tháng 1 nhà T '!$B$4:$B$154,K6,'Tháng 1 nhà T '!$G$4:$G$154) -> 10338415
A7: T33 | B7: KIÊN | C7: 20 | D7: 8800000 | E7: 3285657 | F7: 2046575 | G7: =Table52111768152229343741465158[[#This Row],[LỢI NHUẬN RÒNG]]+Table52111768152229343741465158[[#This Row],[VỐN CP]] -> 10846575 | K7: ĐẠT | L7: =SUMIF($B$4:$B$155,K7,$D$4:$D$155) -> 6666666.7 | M7: =SUMIF('Tháng 1 nhà T '!$B$4:$B$154,K7,'Tháng 1 nhà T '!$E$4:$E$154) -> 822070.73 | N7: =SUMIF('Tháng 1 nhà T '!$B$4:$B$154,K7,'Tháng 1 nhà T '!$F$4:$F$154) -> 179299.52 | O7: =SUMIF('Tháng 1 nhà T '!$B$4:$B$154,K7,'Tháng 1 nhà T '!$G$4:$G$154) -> 6845966.2
A8: T33 | B8: MẠNH | C8: 10 | D8: 4400000 | E8: 1642828.5 | F8: 1023287.5 | G8: =Table52111768152229343741465158[[#This Row],[LỢI NHUẬN RÒNG]]+Table52111768152229343741465158[[#This Row],[VỐN CP]] -> 5423287.5 | K8: HẰNG | L8: =SUMIF($B$4:$B$155,K8,$D$4:$D$155) -> 413860000 | M8: =SUMIF('Tháng 1 nhà T '!$B$4:$B$154,K8,'Tháng 1 nhà T '!$E$4:$E$154) -> 1.3796272e+08 | N8: =SUMIF('Tháng 1 nhà T '!$B$4:$B$154,K8,'Tháng 1 nhà T '!$F$4:$F$154) -> 79513416 | O8: =SUMIF('Tháng 1 nhà T '!$B$4:$B$154,K8,'Tháng 1 nhà T '!$G$4:$G$154) -> 4.5992249e+08
A9: T37 | B9: CHUNG | C9: 15 | D9: 10000000 | E9: 1233106.1 | F9: 268949.28 | G9: =Table52111768152229343741465158[[#This Row],[LỢI NHUẬN RÒNG]]+Table52111768152229343741465158[[#This Row],[VỐN CP]] -> 10268949 | K9: HÀO | L9: =SUMIF($B$4:$B$155,K9,$D$4:$D$155) -> 68785000 | M9: =SUMIF('Tháng 1 nhà T '!$B$4:$B$154,K9,'Tháng 1 nhà T '!$E$4:$E$154) -> 26646326 | N9: =SUMIF('Tháng 1 nhà T '!$B$4:$B$154,K9,'Tháng 1 nhà T '!$F$4:$F$154) -> 17441227 | O9: =SUMIF('Tháng 1 nhà T '!$B$4:$B$154,K9,'Tháng 1 nhà T '!$G$4:$G$154) -> 86226227
A10: T37 | B10: ĐẠT | C10: 10 | D10: 6666666.7 | E10: 822070.73 | F10: 179299.52 | G10: =Table52111768152229343741465158[[#This Row],[LỢI NHUẬN RÒNG]]+Table52111768152229343741465158[[#This Row],[VỐN CP]] -> 6845966.2 | K10: HUY | L10: =SUMIF($B$4:$B$155,K10,$D$4:$D$155) -> 16000000 | M10: =SUMIF('Tháng 1 nhà T '!$B$4:$B$154,K10,'Tháng 1 nhà T '!$E$4:$E$154) -> 4816046.6 | N10: =SUMIF('Tháng 1 nhà T '!$B$4:$B$154,K10,'Tháng 1 nhà T '!$F$4:$F$154) -> 1578919 | O10: =SUMIF('Tháng 1 nhà T '!$B$4:$B$154,K10,'Tháng 1 nhà T '!$G$4:$G$154) -> 17578919
A11: T37 | B11: HẰNG | C11: 15 | D11: 10000000 | E11: 1233106.1 | F11: 268949.28 | G11: =Table52111768152229343741465158[[#This Row],[LỢI NHUẬN RÒNG]]+Table52111768152229343741465158[[#This Row],[VỐN CP]] -> 10268949 | K11: KIÊN | L11: =SUMIF($B$4:$B$155,K11,$D$4:$D$155) -> 3.2734833e+08 | M11: =SUMIF('Tháng 1 nhà T '!$B$4:$B$154,K11,'Tháng 1 nhà T '!$E$4:$E$154) -> 1.1833975e+08 | N11: =SUMIF('Tháng 1 nhà T '!$B$4:$B$154,K11,'Tháng 1 nhà T '!$F$4:$F$154) -> 66617994 | O11: =SUMIF(Table52111768152229343741465158[CỔ ĐÔNG],K11,Table52111768152229343741465158[TỔNG NHẬN]) -> 3.9396633e+08
A12: T37 | B12: HÀO | C12: 10 | D12: 6666666.7 | E12: 822070.73 | F12: 179299.52 | G12: =Table52111768152229343741465158[[#This Row],[LỢI NHUẬN RÒNG]]+Table52111768152229343741465158[[#This Row],[VỐN CP]] -> 6845966.2 | K12: MẠNH | L12: =SUMIF($B$4:$B$155,K12,$D$4:$D$155) -> 44946667 | M12: =SUMIF('Tháng 1 nhà T '!$B$4:$B$154,K12,'Tháng 1 nhà T '!$E$4:$E$154) -> 12009010 | N12: =SUMIF('Tháng 1 nhà T '!$B$4:$B$154,K12,'Tháng 1 nhà T '!$F$4:$F$154) -> 6367755.8 | O12: =SUMIF('Tháng 1 nhà T '!$B$4:$B$154,K12,'Tháng 1 nhà T '!$G$4:$G$154) -> 51314422
A13: T37 | B13: KIÊN | C13: 10 | D13: 6666666.7 | E13: 822070.73 | F13: 179299.52 | G13: =Table52111768152229343741465158[[#This Row],[LỢI NHUẬN RÒNG]]+Table52111768152229343741465158[[#This Row],[VỐN CP]] -> 6845966.2 | K13: N. THẮNG | L13: =SUMIF($B$4:$B$155,K13,$D$4:$D$155) -> 8400000 | M13: =SUMIF('Tháng 1 nhà T '!$B$4:$B$154,K13,'Tháng 1 nhà T '!$E$4:$E$154) -> 5211706 | N13: =SUMIF('Tháng 1 nhà T '!$B$4:$B$154,K13,'Tháng 1 nhà T '!$F$4:$F$154) -> 2937946.8 | O13: =SUMIF('Tháng 1 nhà T '!$B$4:$B$154,K13,'Tháng 1 nhà T '!$G$4:$G$154) -> 11337947
A14: T37 | B14: MẠNH | C14: 10 | D14: 6666666.7 | E14: 822070.73 | F14: 179299.52 | G14: =Table52111768152229343741465158[[#This Row],[LỢI NHUẬN RÒNG]]+Table52111768152229343741465158[[#This Row],[VỐN CP]] -> 6845966.2 | K14: NGỌC | L14: =SUMIF($B$4:$B$155,K14,$D$4:$D$155) -> 17560000 | M14: =SUMIF('Tháng 1 nhà T '!$B$4:$B$154,K14,'Tháng 1 nhà T '!$E$4:$E$154) -> 4665013.1 | N14: =SUMIF('Tháng 1 nhà T '!$B$4:$B$154,K14,'Tháng 1 nhà T '!$F$4:$F$154) -> 2038947.8 | O14: =SUMIF('Tháng 1 nhà T '!$B$4:$B$154,K14,'Tháng 1 nhà T '!$G$4:$G$154) -> 19598948
A15: T37 | B15: TÙNG | C15: 20 | D15: 13333333 | E15: 1644141.5 | F15: 358599.05 | G15: =Table52111768152229343741465158[[#This Row],[LỢI NHUẬN RÒNG]]+Table52111768152229343741465158[[#This Row],[VỐN CP]] -> 13691932 | K15: TÙNG | L15: =SUMIF($B$4:$B$155,K15,$D$4:$D$155) -> 42353333 | M15: =SUMIF('Tháng 1 nhà T '!$B$4:$B$154,K15,'Tháng 1 nhà T '!$E$4:$E$154) -> 11045510 | N15: =SUMIF('Tháng 1 nhà T '!$B$4:$B$154,K15,'Tháng 1 nhà T '!$F$4:$F$154) -> 5472285.9 | O15: =SUMIF('Tháng 1 nhà T '!$B$4:$B$154,K15,'Tháng 1 nhà T '!$G$4:$G$154) -> 47825619
A16: T38 | B16: CHUNG | C16: 30 | D16: 7950000 | E16: 2634169.8 | F16: 1783847.1 | G16: =Table52111768152229343741465158[[#This Row],[LỢI NHUẬN RÒNG]]+Table52111768152229343741465158[[#This Row],[VỐN CP]] -> 9733847.1 | K16: HUY ANH | L16: =SUMIF($B$4:$B$155,K16,$D$4:$D$155) -> 2750000 | M16: =SUMIF('Tháng 1 nhà T '!$B$4:$B$154,K16,'Tháng 1 nhà T '!$E$4:$E$154) -> 423000 | N16: =SUMIF('Tháng 1 nhà T '!$B$4:$B$154,K16,'Tháng 1 nhà T '!$F$4:$F$154) -> 18494.871 | O16: =SUMIF('Tháng 1 nhà T '!$B$4:$B$154,K16,'Tháng 1 nhà T '!$G$4:$G$154) -> 2768494.9
A17: T38 | B17: HẰNG | C17: 30 | D17: 7950000 | E17: 2634169.8 | F17: 1783847.1 | G17: =Table52111768152229343741465158[[#This Row],[LỢI NHUẬN RÒNG]]+Table52111768152229343741465158[[#This Row],[VỐN CP]] -> 9733847.1 | K17: TỔNG | L17: =SUM(L2:L16) -> 1.4740167e+09 | M17: =SUM(M2:M16) -> 488828169 | N17: =SUM(N2:N16) -> 2.7726866e+08 | O17: =SUM(O2:O16) -> 1.7178344e+09
A18: T38 | B18: HÀO | C18: 10 | D18: 2650000 | E18: 878056.6 | F18: 594615.7 | G18: =Table52111768152229343741465158[[#This Row],[LỢI NHUẬN RÒNG]]+Table52111768152229343741465158[[#This Row],[VỐN CP]] -> 3244615.7
A19: T38 | B19: KIÊN | C19: 20 | D19: 5300000 | E19: 1756113.2 | F19: 1189231.4 | G19: =Table52111768152229343741465158[[#This Row],[LỢI NHUẬN RÒNG]]+Table52111768152229343741465158[[#This Row],[VỐN CP]] -> 6489231.4
A20: T38 | B20: NGỌC | C20: 10 | D20: 2650000 | E20: 878056.6 | F20: 594615.7 | G20: =Table52111768152229343741465158[[#This Row],[LỢI NHUẬN RÒNG]]+Table52111768152229343741465158[[#This Row],[VỐN CP]] -> 3244615.7
A21: T41 | B21: CHUNG | C21: 25 | D21: 13750000 | E21: 2115000 | F21: 92474.355 | G21: =Table52111768152229343741465158[[#This Row],[LỢI NHUẬN RÒNG]]+Table52111768152229343741465158[[#This Row],[VỐN CP]] -> 13842474
A22: T41 | B22: HẰNG | C22: 25 | D22: 13750000 | E22: 2115000 | F22: 92474.355 | G22: =Table52111768152229343741465158[[#This Row],[LỢI NHUẬN RÒNG]]+Table52111768152229343741465158[[#This Row],[VỐN CP]] -> 13842474
A23: T41 | B23: HUY ANH | C23: 5 | D23: 2750000 | E23: 423000 | F23: 18494.871 | G23: =Table52111768152229343741465158[[#This Row],[LỢI NHUẬN RÒNG]]+Table52111768152229343741465158[[#This Row],[VỐN CP]] -> 2768494.9
A24: T41 | B24: NGỌC | C24: 5 | D24: 2750000 | E24: 423000 | F24: 18494.871 | G24: =Table52111768152229343741465158[[#This Row],[LỢI NHUẬN RÒNG]]+Table52111768152229343741465158[[#This Row],[VỐN CP]] -> 2768494.9
A25: T41 | B25: KIÊN | C25: 20 | D25: 11000000 | E25: 1692000 | F25: 73979.484 | G25: =Table52111768152229343741465158[[#This Row],[LỢI NHUẬN RÒNG]]+Table52111768152229343741465158[[#This Row],[VỐN CP]] -> 11073979
A26: T41 | B26: MẠNH | C26: 10 | D26: 5500000 | E26: 846000 | F26: 36989.742 | G26: =Table52111768152229343741465158[[#This Row],[LỢI NHUẬN RÒNG]]+Table52111768152229343741465158[[#This Row],[VỐN CP]] -> 5536989.7
A27: T42 | B27: CHUNG | C27: 35 | D27: 45237500 | E27: 15298730 | F27: 10221248 | G27: =Table52111768152229343741465158[[#This Row],[LỢI NHUẬN RÒNG]]+Table52111768152229343741465158[[#This Row],[VỐN CP]] -> 55458748
A28: T42 | B28: HẰNG | C28: 40 | D28: 51700000 | E28: 17484263 | F28: 11681427 | G28: =Table52111768152229343741465158[[#This Row],[LỢI NHUẬN RÒNG]]+Table52111768152229343741465158[[#This Row],[VỐN CP]] -> 63381427
A29: T42 | B29: HÀO | C29: 10 | D29: 12925000 | E29: 4371065.8 | F29: 2920356.7 | G29: =Table52111768152229343741465158[[#This Row],[LỢI NHUẬN RÒNG]]+Table52111768152229343741465158[[#This Row],[VỐN CP]] -> 15845357
... A88: T25 | B88: CHUNG | C88: 30 | D88: 33000000 | E88: 13952241 | F88: 7141115.4 | G88: =Table52111768152229343741465158[[#This Row],[LỢI NHUẬN RÒNG]]+Table52111768152229343741465158[[#This Row],[VỐN CP]] -> 40141115
A89: T25 | B89: HẰNG | C89: 25 | D89: 27500000 | E89: 11626867 | F89: 5950929.5
A90: T25 | B90: HÀO | C90: 15 | D90: 16500000 | E90: 6976120.3 | F90: 3570557.7 | G90: =Table52111768152229343741465158[[#This Row],[LỢI NHUẬN RÒNG]]+Table52111768152229343741465158[[#This Row],[VỐN CP]] -> 20070558
A91: T25 | B91: KIÊN | C91: 20 | D91: 22000000 | E91: 9301493.8 | F91: 4760743.6 | G91: =Table52111768152229343741465158[[#This Row],[LỢI NHUẬN RÒNG]]+Table52111768152229343741465158[[#This Row],[VỐN CP]] -> 26760744
A92: T25 | B92: TÙNG | C92: 10 | D92: 11000000 | E92: 4650746.9 | F92: 2380371.8 | G92: =Table52111768152229343741465158[[#This Row],[LỢI NHUẬN RÒNG]]+Table52111768152229343741465158[[#This Row],[VỐN CP]] -> 13380372
A93: T26 | B93: CHUNG | C93: 25 | D93: 12500000 | E93: 3443460.5 | F93: 2100771.4 | G93: =Table52111768152229343741465158[[#This Row],[LỢI NHUẬN RÒNG]]+Table52111768152229343741465158[[#This Row],[VỐN CP]] -> 14600771
A94: T26 | B94: HẰNG | C94: 25 | D94: 12500000 | E94: 3443460.5 | F94: 2100771.4 | G94: =Table52111768152229343741465158[[#This Row],[LỢI NHUẬN RÒNG]]+Table52111768152229343741465158[[#This Row],[VỐN CP]] -> 14600771
A95: T26 | B95: HUY | C95: 10 | D95: 5000000 | E95: 1377384.2 | F95: 840308.54 | G95: =Table52111768152229343741465158[[#This Row],[LỢI NHUẬN RÒNG]]+Table52111768152229343741465158[[#This Row],[VỐN CP]] -> 5840308.5
A96: T26 | B96: KIÊN | C96: 40 | D96: 20000000 | E96: 5509536.8 | F96: 3361234.2 | G96: =Table52111768152229343741465158[[#This Row],[LỢI NHUẬN RÒNG]]+Table52111768152229343741465158[[#This Row],[VỐN CP]] -> 23361234
A97: T27 | B97: CHUNG | C97: 25 | D97: 14400000 | E97: 1464649.8 | F97: 138404.18 | G97: =Table52111768152229343741465158[[#This Row],[LỢI NHUẬN RÒNG]]+Table52111768152229343741465158[[#This Row],[VỐN CP]] -> 14538404
A98: T27 | B98: Đ. THẮNG | C98: 10 | D98: 5760000 | E98: 585859.9 | F98: 55361.673 | G98: =Table52111768152229343741465158[[#This Row],[LỢI NHUẬN RÒNG]]+Table52111768152229343741465158[[#This Row],[VỐN CP]] -> 5815361.7
A99: T27 | B99: HẰNG | C99: 25 | D99: 14400000 | E99: 1464649.8 | F99: 138404.18 | G99: =Table52111768152229343741465158[[#This Row],[LỢI NHUẬN RÒNG]]+Table52111768152229343741465158[[#This Row],[VỐN CP]] -> 14538404
A100: T27 | B100: KIÊN | C100: 20 | D100: 11520000 | E100: 1171719.8 | F100: 110723.35 | G100: =Table52111768152229343741465158[[#This Row],[LỢI NHUẬN RÒNG]]+Table52111768152229343741465158[[#This Row],[VỐN CP]] -> 11630723
A101: T27 | B101: TÙNG | C101: 20 | D101: 11520000 | E101: 1171719.8 | F101: 110723.35 | G101: =Table52111768152229343741465158[[#This Row],[LỢI NHUẬN RÒNG]]+Table52111768152229343741465158[[#This Row],[VỐN CP]] -> 11630723
... A154: T8 | B154: KIÊN | C154: 40 | D154: 13320000 | E154: 4451219.2 | F154: 3473281.5 | G154: =Table52111768152229343741465158[[#This Row],[LỢI NHUẬN RÒNG]]+Table52111768152229343741465158[[#This Row],[VỐN CP]] -> 16793281
D155: =SUBTOTAL(109,Table52111768152229343741465158[VỐN CP]) -> 42353333 | E155: =SUBTOTAL(109,Table52111768152229343741465158[LỢI NHUẬN GỘP]) -> 11045510 | F155: =SUBTOTAL(109,Table52111768152229343741465158[LỢI NHUẬN RÒNG]) -> 5472285.9 | G155: =SUBTOTAL(109,Table52111768152229343741465158[TỔNG NHẬN]) -> 47825619

Sheet Tháng 3 nhà T  
A1: BẢNG CHIA CỔ PHẦN THÁNG 3.26 NHÀ T
K2: CỔ ĐÔNG | L2: VỐN CP | M2: LỢI NHUẬN GỘP | N2: LỢI NHUẬN RÒNG | O2: TỔNG NHẬN
A3: MÃ TOÀ | B3: CỔ ĐÔNG | C3: TỈ LỆ % | D3: VỐN CP | E3: LỢI NHUẬN GỘP | F3: LỢI NHUẬN RÒNG | G3: TỔNG NHẬN | K3: A ĐIỆP | L3: =SUMIF($B$4:$B$155,K3,$D$4:$D$155) -> 21095833 | M3: =SUMIF('Tháng 3 nhà T '!$B$4:$B$154,K3,'Tháng 3 nhà T '!$E$4:$E$154) -> 2901245.6 | N3: =SUMIF('Tháng 3 nhà T '!$B$4:$B$154,K3,'Tháng 3 nhà T '!$F$4:$F$154) -> 169181.99 | O3: =SUMIF('Tháng 3 nhà T '!$B$4:$B$154,K3,'Tháng 3 nhà T '!$G$4:$G$154) -> 21265015
A4: T33 | B4: CHUNG | C4: 30 | D4: 13200000 | E4: 5360637 | F4: 4219731.7 | G4: =Table52111768152229343741465158916[[#This Row],[LỢI NHUẬN RÒNG]]+Table52111768152229343741465158916[[#This Row],[VỐN CP]] -> 17419732 | K4: CHIẾN | L4: =SUMIF($B$4:$B$155,K4,$D$4:$D$155) -> 81893333 | M4: =SUMIF('Tháng 3 nhà T '!$B$4:$B$154,K4,'Tháng 3 nhà T '!$E$4:$E$154) -> 27512028 | N4: =SUMIF('Tháng 3 nhà T '!$B$4:$B$154,K4,'Tháng 3 nhà T '!$F$4:$F$154) -> 17408162 | O4: =SUMIF('Tháng 3 nhà T '!$B$4:$B$154,K4,'Tháng 3 nhà T '!$G$4:$G$154) -> 99301495
A5: T33 | B5: HẰNG | C5: 30 | D5: 13200000 | E5: 5360637 | F5: 4219731.7 | G5: =Table52111768152229343741465158916[[#This Row],[LỢI NHUẬN RÒNG]]+Table52111768152229343741465158916[[#This Row],[VỐN CP]] -> 17419732 | K5: CHUNG | L5: =SUMIF($B$4:$B$155,K5,$D$4:$D$155) -> 4.1166417e+08 | M5: =SUMIF('Tháng 3 nhà T '!$B$4:$B$154,K5,'Tháng 3 nhà T '!$E$4:$E$154) -> 1.2793461e+08 | N5: =SUMIF('Tháng 3 nhà T '!$B$4:$B$154,K5,'Tháng 3 nhà T '!$F$4:$F$154) -> 74392778 | O5: =SUMIF('Tháng 3 nhà T '!$B$4:$B$154,K5,'Tháng 3 nhà T '!$G$4:$G$154) -> 4.8605694e+08
A6: T33 | B6: HÀO | C6: 10 | D6: 4400000 | E6: 1786879 | F6: 1406577.2 | G6: =Table52111768152229343741465158916[[#This Row],[LỢI NHUẬN RÒNG]]+Table52111768152229343741465158916[[#This Row],[VỐN CP]] -> 5806577.2 | K6: Đ. THẮNG | L6: =SUMIF($B$4:$B$155,K6,$D$4:$D$155) -> 10693333 | M6: =SUMIF('Tháng 3 nhà T '!$B$4:$B$154,K6,'Tháng 3 nhà T '!$E$4:$E$154) -> -1077774.6 | N6: =SUMIF('Tháng 3 nhà T '!$B$4:$B$154,K6,'Tháng 3 nhà T '!$F$4:$F$154) -> -1971771.2 | O6: =SUMIF('Tháng 3 nhà T '!$B$4:$B$154,K6,'Tháng 3 nhà T '!$G$4:$G$154) -> 8721562.1
A7: T33 | B7: KIÊN | C7: 20 | D7: 8800000 | E7: 3573758 | F7: 2813154.5 | G7: =Table52111768152229343741465158916[[#This Row],[LỢI NHUẬN RÒNG]]+Table52111768152229343741465158916[[#This Row],[VỐN CP]] -> 11613154 | K7: ĐẠT | L7: =SUMIF($B$4:$B$155,K7,$D$4:$D$155) -> 6666666.7 | M7: =SUMIF('Tháng 3 nhà T '!$B$4:$B$154,K7,'Tháng 3 nhà T '!$E$4:$E$154) -> 10073.933 | N7: =SUMIF('Tháng 3 nhà T '!$B$4:$B$154,K7,'Tháng 3 nhà T '!$F$4:$F$154) -> -641895.79 | O7: =SUMIF('Tháng 3 nhà T '!$B$4:$B$154,K7,'Tháng 3 nhà T '!$G$4:$G$154) -> 6024770.9
A8: T33 | B8: MẠNH | C8: 10 | D8: 4400000 | E8: 1786879 | F8: 1406577.2 | G8: =Table52111768152229343741465158916[[#This Row],[LỢI NHUẬN RÒNG]]+Table52111768152229343741465158916[[#This Row],[VỐN CP]] -> 5806577.2 | K8: HẰNG | L8: =SUMIF($B$4:$B$155,K8,$D$4:$D$155) -> 413860000 | M8: =SUMIF('Tháng 3 nhà T '!$B$4:$B$154,K8,'Tháng 3 nhà T '!$E$4:$E$154) -> 1.2814577e+08 | N8: =SUMIF('Tháng 3 nhà T '!$B$4:$B$154,K8,'Tháng 3 nhà T '!$F$4:$F$154) -> 74656331 | O8: =SUMIF('Tháng 3 nhà T '!$B$4:$B$154,K8,'Tháng 3 nhà T '!$G$4:$G$154) -> 4.5658185e+08
A9: T37 | B9: CHUNG | C9: 15 | D9: 10000000 | E9: 15110.9 | F9: -962843.68 | G9: =Table52111768152229343741465158916[[#This Row],[LỢI NHUẬN RÒNG]]+Table52111768152229343741465158916[[#This Row],[VỐN CP]] -> 9037156.3 | K9: HÀO | L9: =SUMIF($B$4:$B$155,K9,$D$4:$D$155) -> 68785000 | M9: =SUMIF('Tháng 3 nhà T '!$B$4:$B$154,K9,'Tháng 3 nhà T '!$E$4:$E$154) -> 26065061 | N9: =SUMIF('Tháng 3 nhà T '!$B$4:$B$154,K9,'Tháng 3 nhà T '!$F$4:$F$154) -> 15834008 | O9: =SUMIF('Tháng 3 nhà T '!$B$4:$B$154,K9,'Tháng 3 nhà T '!$G$4:$G$154) -> 84619008
A10: T37 | B10: ĐẠT | C10: 10 | D10: 6666666.7 | E10: 10073.933 | F10: -641895.79 | G10: =Table52111768152229343741465158916[[#This Row],[LỢI NHUẬN RÒNG]]+Table52111768152229343741465158916[[#This Row],[VỐN CP]] -> 6024770.9 | K10: HUY | L10: =SUMIF($B$4:$B$155,K10,$D$4:$D$155) -> 16000000 | M10: =SUMIF('Tháng 3 nhà T '!$B$4:$B$154,K10,'Tháng 3 nhà T '!$E$4:$E$154) -> 3927113.1 | N10: =SUMIF('Tháng 3 nhà T '!$B$4:$B$154,K10,'Tháng 3 nhà T '!$F$4:$F$154) -> 2336407.8 | O10: =SUMIF('Tháng 3 nhà T '!$B$4:$B$154,K10,'Tháng 3 nhà T '!$G$4:$G$154) -> 18336408
A11: T37 | B11: HẰNG | C11: 15 | D11: 10000000 | E11: 15110.9 | F11: -962843.68 | G11: =Table52111768152229343741465158916[[#This Row],[LỢI NHUẬN RÒNG]]+Table52111768152229343741465158916[[#This Row],[VỐN CP]] -> 9037156.3 | K11: KIÊN | L11: =SUMIF($B$4:$B$155,K11,$D$4:$D$155) -> 3.2734833e+08 | M11: =SUMIF('Tháng 3 nhà T '!$B$4:$B$154,K11,'Tháng 3 nhà T '!$E$4:$E$154) -> 1.0531641e+08 | N11: =SUMIF('Tháng 3 nhà T '!$B$4:$B$154,K11,'Tháng 3 nhà T '!$F$4:$F$154) -> 62076804 | O11: =SUMIF(Table52111768152229343741465158916[CỔ ĐÔNG],K11,Table52111768152229343741465158916[TỔNG NHẬN]) -> 3.8942514e+08
A12: T37 | B12: HÀO | C12: 10 | D12: 6666666.7 | E12: 10073.933 | F12: -641895.79 | G12: =Table52111768152229343741465158916[[#This Row],[LỢI NHUẬN RÒNG]]+Table52111768152229343741465158916[[#This Row],[VỐN CP]] -> 6024770.9 | K12: MẠNH | L12: =SUMIF($B$4:$B$155,K12,$D$4:$D$155) -> 44946667 | M12: =SUMIF('Tháng 3 nhà T '!$B$4:$B$154,K12,'Tháng 3 nhà T '!$E$4:$E$154) -> 10588585 | N12: =SUMIF('Tháng 3 nhà T '!$B$4:$B$154,K12,'Tháng 3 nhà T '!$F$4:$F$154) -> 5330265.9 | O12: =SUMIF('Tháng 3 nhà T '!$B$4:$B$154,K12,'Tháng 3 nhà T '!$G$4:$G$154) -> 50276933
A13: T37 | B13: KIÊN | C13: 10 | D13: 6666666.7 | E13: 10073.933 | F13: -641895.79 | G13: =Table52111768152229343741465158916[[#This Row],[LỢI NHUẬN RÒNG]]+Table52111768152229343741465158916[[#This Row],[VỐN CP]] -> 6024770.9 | K13: N. THẮNG | L13: =SUMIF($B$4:$B$155,K13,$D$4:$D$155) -> 8400000 | M13: =SUMIF('Tháng 3 nhà T '!$B$4:$B$154,K13,'Tháng 3 nhà T '!$E$4:$E$154) -> 4581122.5 | N13: =SUMIF('Tháng 3 nhà T '!$B$4:$B$154,K13,'Tháng 3 nhà T '!$F$4:$F$154) -> 3146163.2 | O13: =SUMIF('Tháng 3 nhà T '!$B$4:$B$154,K13,'Tháng 3 nhà T '!$G$4:$G$154) -> 11546163
A14: T37 | B14: MẠNH | C14: 10 | D14: 6666666.7 | E14: 10073.933 | F14: -641895.79 | G14: =Table52111768152229343741465158916[[#This Row],[LỢI NHUẬN RÒNG]]+Table52111768152229343741465158916[[#This Row],[VỐN CP]] -> 6024770.9 | K14: NGỌC | L14: =SUMIF($B$4:$B$155,K14,$D$4:$D$155) -> 17560000 | M14: =SUMIF('Tháng 3 nhà T '!$B$4:$B$154,K14,'Tháng 3 nhà T '!$E$4:$E$154) -> 4946809.6 | N14: =SUMIF('Tháng 3 nhà T '!$B$4:$B$154,K14,'Tháng 3 nhà T '!$F$4:$F$154) -> 2648469.1 | O14: =SUMIF('Tháng 3 nhà T '!$B$4:$B$154,K14,'Tháng 3 nhà T '!$G$4:$G$154) -> 20208469
A15: T37 | B15: TÙNG | C15: 20 | D15: 13333333 | E15: 20147.867 | F15: -1283791.6 | G15: =Table52111768152229343741465158916[[#This Row],[LỢI NHUẬN RÒNG]]+Table52111768152229343741465158916[[#This Row],[VỐN CP]] -> 12049542 | K15: TÙNG | L15: =SUMIF($B$4:$B$155,K15,$D$4:$D$155) -> 42353333 | M15: =SUMIF('Tháng 3 nhà T '!$B$4:$B$154,K15,'Tháng 3 nhà T '!$E$4:$E$154) -> 4417204 | N15: =SUMIF('Tháng 3 nhà T '!$B$4:$B$154,K15,'Tháng 3 nhà T '!$F$4:$F$154) -> -847234.57 | O15: =SUMIF('Tháng 3 nhà T '!$B$4:$B$154,K15,'Tháng 3 nhà T '!$G$4:$G$154) -> 41506099
A16: T38 | B16: CHUNG | C16: 30 | D16: 7950000 | E16: 3140702.7 | F16: 1510924.4 | G16: =Table52111768152229343741465158916[[#This Row],[LỢI NHUẬN RÒNG]]+Table52111768152229343741465158916[[#This Row],[VỐN CP]] -> 9460924.4 | K16: HUY ANH | L16: =SUMIF($B$4:$B$155,K16,$D$4:$D$155) -> 2750000 | M16: =SUMIF('Tháng 3 nhà T '!$B$4:$B$154,K16,'Tháng 3 nhà T '!$E$4:$E$154) -> 275458.4 | N16: =SUMIF('Tháng 3 nhà T '!$B$4:$B$154,K16,'Tháng 3 nhà T '!$F$4:$F$154) -> -189202.39 | O16: =SUMIF('Tháng 3 nhà T '!$B$4:$B$154,K16,'Tháng 3 nhà T '!$G$4:$G$154) -> 2560797.6
A17: T38 | B17: HẰNG | C17: 30 | D17: 7950000 | E17: 3140702.7 | F17: 1510924.4 | G17: =Table52111768152229343741465158916[[#This Row],[LỢI NHUẬN RÒNG]]+Table52111768152229343741465158916[[#This Row],[VỐN CP]] -> 9460924.4 | K17: TỔNG | L17: =SUM(L2:L16) -> 1.4740167e+09 | M17: =SUM(M2:M16) -> 445543726 | N17: =SUM(N2:N16) -> 2.5434847e+08 | O17: =SUM(O2:O16) -> 1.6964307e+09
A18: T38 | B18: HÀO | C18: 10 | D18: 2650000 | E18: 1046900.9 | F18: 503641.45 | G18: =Table52111768152229343741465158916[[#This Row],[LỢI NHUẬN RÒNG]]+Table52111768152229343741465158916[[#This Row],[VỐN CP]] -> 3153641.5
A19: T38 | B19: KIÊN | C19: 20 | D19: 5300000 | E19: 2093801.8 | F19: 1007282.9 | G19: =Table52111768152229343741465158916[[#This Row],[LỢI NHUẬN RÒNG]]+Table52111768152229343741465158916[[#This Row],[VỐN CP]] -> 6307282.9
A20: T38 | B20: NGỌC | C20: 10 | D20: 2650000 | E20: 1046900.9 | F20: 503641.45 | G20: =Table52111768152229343741465158916[[#This Row],[LỢI NHUẬN RÒNG]]+Table52111768152229343741465158916[[#This Row],[VỐN CP]] -> 3153641.5
A21: T41 | B21: CHUNG | C21: 25 | D21: 13750000 | E21: 1377292 | F21: -946011.94 | G21: =Table52111768152229343741465158916[[#This Row],[LỢI NHUẬN RÒNG]]+Table52111768152229343741465158916[[#This Row],[VỐN CP]] -> 12803988
A22: T41 | B22: HẰNG | C22: 25 | D22: 13750000 | E22: 1377292 | F22: -946011.94 | G22: =Table52111768152229343741465158916[[#This Row],[LỢI NHUẬN RÒNG]]+Table52111768152229343741465158916[[#This Row],[VỐN CP]] -> 12803988
A23: T41 | B23: HUY ANH | C23: 5 | D23: 2750000 | E23: 275458.4 | F23: -189202.39 | G23: =Table52111768152229343741465158916[[#This Row],[LỢI NHUẬN RÒNG]]+Table52111768152229343741465158916[[#This Row],[VỐN CP]] -> 2560797.6
A24: T41 | B24: NGỌC | C24: 5 | D24: 2750000 | E24: 275458.4 | F24: -189202.39 | G24: =Table52111768152229343741465158916[[#This Row],[LỢI NHUẬN RÒNG]]+Table52111768152229343741465158916[[#This Row],[VỐN CP]] -> 2560797.6
A25: T41 | B25: KIÊN | C25: 20 | D25: 11000000 | E25: 1101833.6 | F25: -756809.55 | G25: =Table52111768152229343741465158916[[#This Row],[LỢI NHUẬN RÒNG]]+Table52111768152229343741465158916[[#This Row],[VỐN CP]] -> 10243190
A26: T41 | B26: MẠNH | C26: 10 | D26: 5500000 | E26: 550916.8 | F26: -378404.77 | G26: =Table52111768152229343741465158916[[#This Row],[LỢI NHUẬN RÒNG]]+Table52111768152229343741465158916[[#This Row],[VỐN CP]] -> 5121595.2
A27: T42 | B27: CHUNG | C27: 35 | D27: 45237500 | E27: 14223290 | F27: 7779909 | G27: =Table52111768152229343741465158916[[#This Row],[LỢI NHUẬN RÒNG]]+Table52111768152229343741465158916[[#This Row],[VỐN CP]] -> 53017409
A28: T42 | B28: HẰNG | C28: 40 | D28: 51700000 | E28: 16255189 | F28: 8891324.5 | G28: =Table52111768152229343741465158916[[#This Row],[LỢI NHUẬN RÒNG]]+Table52111768152229343741465158916[[#This Row],[VỐN CP]] -> 60591325
A29: T42 | B29: HÀO | C29: 10 | D29: 12925000 | E29: 4063797.2 | F29: 2222831.1 | G29: =Table52111768152229343741465158916[[#This Row],[LỢI NHUẬN RÒNG]]+Table52111768152229343741465158916[[#This Row],[VỐN CP]] -> 15147831
... A88: T25 | B88: CHUNG | C88: 30 | D88: 33000000 | E88: 11849489 | F88: 5321376.4 | G88: =Table52111768152229343741465158916[[#This Row],[LỢI NHUẬN RÒNG]]+Table52111768152229343741465158916[[#This Row],[VỐN CP]] -> 38321376
A89: T25 | B89: HẰNG | C89: 25 | D89: 27500000 | E89: 9874574 | F89: 4434480.3
A90: T25 | B90: HÀO | C90: 15 | D90: 16500000 | E90: 5924744.4 | F90: 2660688.2 | G90: =Table52111768152229343741465158916[[#This Row],[LỢI NHUẬN RÒNG]]+Table52111768152229343741465158916[[#This Row],[VỐN CP]] -> 19160688
A91: T25 | B91: KIÊN | C91: 20 | D91: 22000000 | E91: 7899659.2 | F91: 3547584.3 | G91: =Table52111768152229343741465158916[[#This Row],[LỢI NHUẬN RÒNG]]+Table52111768152229343741465158916[[#This Row],[VỐN CP]] -> 25547584
A92: T25 | B92: TÙNG | C92: 10 | D92: 11000000 | E92: 3949829.6 | F92: 1773792.1 | G92: =Table52111768152229343741465158916[[#This Row],[LỢI NHUẬN RÒNG]]+Table52111768152229343741465158916[[#This Row],[VỐN CP]] -> 12773792
A93: T26 | B93: CHUNG | C93: 25 | D93: 12500000 | E93: -1387007.8 | F93: -2307284.6 | G93: =Table52111768152229343741465158916[[#This Row],[LỢI NHUẬN RÒNG]]+Table52111768152229343741465158916[[#This Row],[VỐN CP]] -> 10192715
A94: T26 | B94: HẰNG | C94: 25 | D94: 12500000 | E94: -1387007.8 | F94: -2307284.6 | G94: =Table52111768152229343741465158916[[#This Row],[LỢI NHUẬN RÒNG]]+Table52111768152229343741465158916[[#This Row],[VỐN CP]] -> 10192715
A95: T26 | B95: HUY | C95: 10 | D95: 5000000 | E95: -554803.1 | F95: -922913.84 | G95: =Table52111768152229343741465158916[[#This Row],[LỢI NHUẬN RÒNG]]+Table52111768152229343741465158916[[#This Row],[VỐN CP]] -> 4077086.2
A96: T26 | B96: KIÊN | C96: 40 | D96: 20000000 | E96: -2219212.4 | F96: -3691655.4 | G96: =Table52111768152229343741465158916[[#This Row],[LỢI NHUẬN RÒNG]]+Table52111768152229343741465158916[[#This Row],[VỐN CP]] -> 16308345
A97: T27 | B97: CHUNG | C97: 25 | D97: 14400000 | E97: -4236217.8 | F97: -5319763.1 | G97: =Table52111768152229343741465158916[[#This Row],[LỢI NHUẬN RÒNG]]+Table52111768152229343741465158916[[#This Row],[VỐN CP]] -> 9080236.9
A98: T27 | B98: Đ. THẮNG | C98: 10 | D98: 5760000 | E98: -1694487.1 | F98: -2127905.2 | G98: =Table52111768152229343741465158916[[#This Row],[LỢI NHUẬN RÒNG]]+Table52111768152229343741465158916[[#This Row],[VỐN CP]] -> 3632094.8
A99: T27 | B99: HẰNG | C99: 25 | D99: 14400000 | E99: -4236217.8 | F99: -5319763.1 | G99: =Table52111768152229343741465158916[[#This Row],[LỢI NHUẬN RÒNG]]+Table52111768152229343741465158916[[#This Row],[VỐN CP]] -> 9080236.9
A100: T27 | B100: KIÊN | C100: 20 | D100: 11520000 | E100: -3388974.2 | F100: -4255810.5 | G100: =Table52111768152229343741465158916[[#This Row],[LỢI NHUẬN RÒNG]]+Table52111768152229343741465158916[[#This Row],[VỐN CP]] -> 7264189.5
A101: T27 | B101: TÙNG | C101: 20 | D101: 11520000 | E101: -3388974.2 | F101: -4255810.5 | G101: =Table52111768152229343741465158916[[#This Row],[LỢI NHUẬN RÒNG]]+Table52111768152229343741465158916[[#This Row],[VỐN CP]] -> 7264189.5
... A154: T8 | B154: KIÊN | C154: 40 | D154: 13320000 | E154: 5402341.2 | F154: 4334272 | G154: =Table52111768152229343741465158916[[#This Row],[LỢI NHUẬN RÒNG]]+Table52111768152229343741465158916[[#This Row],[VỐN CP]] -> 17654272
D155: =SUBTOTAL(109,Table52111768152229343741465158916[VỐN CP]) -> 17560000 | E155: =SUBTOTAL(109,Table52111768152229343741465158916[LỢI NHUẬN GỘP]) -> 4946809.6 | F155: =SUBTOTAL(109,Table52111768152229343741465158916[LỢI NHUẬN RÒNG]) -> 2648469.1 | G155: =SUBTOTAL(109,Table52111768152229343741465158916[TỔNG NHẬN]) -> 20208469

Sheet Tháng 2 nhà T   
A1: BẢNG CHIA CỔ PHẦN THÁNG 2.26 NHÀ T
K2: CỔ ĐÔNG | L2: VỐN CP | M2: LỢI NHUẬN GỘP | N2: LỢI NHUẬN RÒNG | O2: TỔNG NHẬN
A3: MÃ TOÀ | B3: CỔ ĐÔNG | C3: TỈ LỆ % | D3: VỐN CP | E3: LỢI NHUẬN GỘP | F3: LỢI NHUẬN RÒNG | G3: TỔNG NHẬN | K3: A ĐIỆP | L3: =SUMIF($B$4:$B$155,K3,$D$4:$D$155) -> 21095833 | M3: =SUMIF('Tháng 2 nhà T '!$B$4:$B$154,K3,'Tháng 2 nhà T '!$E$4:$E$154) -> 3296597.3 | N3: =SUMIF('Tháng 2 nhà T '!$B$4:$B$154,K3,'Tháng 2 nhà T '!$F$4:$F$154) -> 302008.18 | O3: =SUMIF('Tháng 2 nhà T '!$B$4:$B$154,K3,'Tháng 2 nhà T '!$G$4:$G$154) -> 21397842
A4: T33 | B4: CHUNG | C4: 30 | D4: 13200000 | E4: 3867807.3 | F4: 2179906.9 | G4: =Table521117681522293437414651589[[#This Row],[LỢI NHUẬN RÒNG]]+Table521117681522293437414651589[[#This Row],[VỐN CP]] -> 15379907 | K4: CHIẾN | L4: =SUMIF($B$4:$B$155,K4,$D$4:$D$155) -> 81893333 | M4: =SUMIF('Tháng 2 nhà T '!$B$4:$B$154,K4,'Tháng 2 nhà T '!$E$4:$E$154) -> 19091323 | N4: =SUMIF('Tháng 2 nhà T '!$B$4:$B$154,K4,'Tháng 2 nhà T '!$F$4:$F$154) -> 8175394.1 | O4: =SUMIF('Tháng 2 nhà T '!$B$4:$B$154,K4,'Tháng 2 nhà T '!$G$4:$G$154) -> 90068727
A5: T33 | B5: HẰNG | C5: 30 | D5: 13200000 | E5: 3867807.3 | F5: 2179906.9 | G5: =Table521117681522293437414651589[[#This Row],[LỢI NHUẬN RÒNG]]+Table521117681522293437414651589[[#This Row],[VỐN CP]] -> 15379907 | K5: CHUNG | L5: =SUMIF($B$4:$B$155,K5,$D$4:$D$155) -> 4.1166417e+08 | M5: =SUMIF('Tháng 2 nhà T '!$B$4:$B$154,K5,'Tháng 2 nhà T '!$E$4:$E$154) -> 1.112711e+08 | N5: =SUMIF('Tháng 2 nhà T '!$B$4:$B$154,K5,'Tháng 2 nhà T '!$F$4:$F$154) -> 48313062 | O5: =SUMIF('Tháng 2 nhà T '!$B$4:$B$154,K5,'Tháng 2 nhà T '!$G$4:$G$154) -> 4.5997723e+08
A6: T33 | B6: HÀO | C6: 10 | D6: 4400000 | E6: 1289269.1 | F6: 726635.63 | G6: =Table521117681522293437414651589[[#This Row],[LỢI NHUẬN RÒNG]]+Table521117681522293437414651589[[#This Row],[VỐN CP]] -> 5126635.6 | K6: Đ. THẮNG | L6: =SUMIF($B$4:$B$155,K6,$D$4:$D$155) -> 10693333 | M6: =SUMIF('Tháng 2 nhà T '!$B$4:$B$154,K6,'Tháng 2 nhà T '!$E$4:$E$154) -> 15215.667 | N6: =SUMIF('Tháng 2 nhà T '!$B$4:$B$154,K6,'Tháng 2 nhà T '!$F$4:$F$154) -> -1196273.2 | O6: =SUMIF('Tháng 2 nhà T '!$B$4:$B$154,K6,'Tháng 2 nhà T '!$G$4:$G$154) -> 9497060.1
A7: T33 | B7: KIÊN | C7: 20 | D7: 8800000 | E7: 2578538.2 | F7: 1453271.3 | G7: =Table521117681522293437414651589[[#This Row],[LỢI NHUẬN RÒNG]]+Table521117681522293437414651589[[#This Row],[VỐN CP]] -> 10253271 | K7: ĐẠT | L7: =SUMIF($B$4:$B$155,K7,$D$4:$D$155) -> 6666666.7 | M7: =SUMIF('Tháng 2 nhà T '!$B$4:$B$154,K7,'Tháng 2 nhà T '!$E$4:$E$154) -> 257309.63 | N7: =SUMIF('Tháng 2 nhà T '!$B$4:$B$154,K7,'Tháng 2 nhà T '!$F$4:$F$154) -> -526885.54 | O7: =SUMIF('Tháng 2 nhà T '!$B$4:$B$154,K7,'Tháng 2 nhà T '!$G$4:$G$154) -> 6139781.1
A8: T33 | B8: MẠNH | C8: 10 | D8: 4400000 | E8: 1289269.1 | F8: 726635.63 | G8: =Table521117681522293437414651589[[#This Row],[LỢI NHUẬN RÒNG]]+Table521117681522293437414651589[[#This Row],[VỐN CP]] -> 5126635.6 | K8: HẰNG | L8: =SUMIF($B$4:$B$155,K8,$D$4:$D$155) -> 413860000 | M8: =SUMIF('Tháng 2 nhà T '!$B$4:$B$154,K8,'Tháng 2 nhà T '!$E$4:$E$154) -> 1.1159478e+08 | N8: =SUMIF('Tháng 2 nhà T '!$B$4:$B$154,K8,'Tháng 2 nhà T '!$F$4:$F$154) -> 48243009 | O8: =SUMIF('Tháng 2 nhà T '!$B$4:$B$154,K8,'Tháng 2 nhà T '!$G$4:$G$154) -> 4.2957753e+08
A9: T37 | B9: CHUNG | C9: 15 | D9: 10000000 | E9: 385964.45 | F9: -790328.31 | G9: =Table521117681522293437414651589[[#This Row],[LỢI NHUẬN RÒNG]]+Table521117681522293437414651589[[#This Row],[VỐN CP]] -> 9209671.7 | K9: HÀO | L9: =SUMIF($B$4:$B$155,K9,$D$4:$D$155) -> 68785000 | M9: =SUMIF('Tháng 2 nhà T '!$B$4:$B$154,K9,'Tháng 2 nhà T '!$E$4:$E$154) -> 23833538 | N9: =SUMIF('Tháng 2 nhà T '!$B$4:$B$154,K9,'Tháng 2 nhà T '!$F$4:$F$154) -> 12666249 | O9: =SUMIF('Tháng 2 nhà T '!$B$4:$B$154,K9,'Tháng 2 nhà T '!$G$4:$G$154) -> 81451249
A10: T37 | B10: ĐẠT | C10: 10 | D10: 6666666.7 | E10: 257309.63 | F10: -526885.54 | G10: =Table521117681522293437414651589[[#This Row],[LỢI NHUẬN RÒNG]]+Table521117681522293437414651589[[#This Row],[VỐN CP]] -> 6139781.1 | K10: HUY | L10: =SUMIF($B$4:$B$155,K10,$D$4:$D$155) -> 16000000 | M10: =SUMIF('Tháng 2 nhà T '!$B$4:$B$154,K10,'Tháng 2 nhà T '!$E$4:$E$154) -> 4000954.7 | N10: =SUMIF('Tháng 2 nhà T '!$B$4:$B$154,K10,'Tháng 2 nhà T '!$F$4:$F$154) -> 1211547.1 | O10: =SUMIF('Tháng 2 nhà T '!$B$4:$B$154,K10,'Tháng 2 nhà T '!$G$4:$G$154) -> 17211547
A11: T37 | B11: HẰNG | C11: 15 | D11: 10000000 | E11: 385964.45 | F11: -790328.31 | G11: =Table521117681522293437414651589[[#This Row],[LỢI NHUẬN RÒNG]]+Table521117681522293437414651589[[#This Row],[VỐN CP]] -> 9209671.7 | K11: KIÊN | L11: =SUMIF($B$4:$B$155,K11,$D$4:$D$155) -> 3.2734833e+08 | M11: =SUMIF('Tháng 2 nhà T '!$B$4:$B$154,K11,'Tháng 2 nhà T '!$E$4:$E$154) -> 92620924 | N11: =SUMIF('Tháng 2 nhà T '!$B$4:$B$154,K11,'Tháng 2 nhà T '!$F$4:$F$154) -> 41522857 | O11: =SUMIF(Table521117681522293437414651589[CỔ ĐÔNG],K11,Table521117681522293437414651589[TỔNG NHẬN]) -> 3.6887119e+08
A12: T37 | B12: HÀO | C12: 10 | D12: 6666666.7 | E12: 257309.63 | F12: -526885.54 | G12: =Table521117681522293437414651589[[#This Row],[LỢI NHUẬN RÒNG]]+Table521117681522293437414651589[[#This Row],[VỐN CP]] -> 6139781.1 | K12: MẠNH | L12: =SUMIF($B$4:$B$155,K12,$D$4:$D$155) -> 44946667 | M12: =SUMIF('Tháng 2 nhà T '!$B$4:$B$154,K12,'Tháng 2 nhà T '!$E$4:$E$154) -> 8198456.3 | N12: =SUMIF('Tháng 2 nhà T '!$B$4:$B$154,K12,'Tháng 2 nhà T '!$F$4:$F$154) -> 2309606.8 | O12: =SUMIF('Tháng 2 nhà T '!$B$4:$B$154,K12,'Tháng 2 nhà T '!$G$4:$G$154) -> 47256273
A13: T37 | B13: KIÊN | C13: 10 | D13: 6666666.7 | E13: 257309.63 | F13: -526885.54 | G13: =Table521117681522293437414651589[[#This Row],[LỢI NHUẬN RÒNG]]+Table521117681522293437414651589[[#This Row],[VỐN CP]] -> 6139781.1 | K13: N. THẮNG | L13: =SUMIF($B$4:$B$155,K13,$D$4:$D$155) -> 8400000 | M13: =SUMIF('Tháng 2 nhà T '!$B$4:$B$154,K13,'Tháng 2 nhà T '!$E$4:$E$154) -> 4187536.4 | N13: =SUMIF('Tháng 2 nhà T '!$B$4:$B$154,K13,'Tháng 2 nhà T '!$F$4:$F$154) -> 2483078.8 | O13: =SUMIF('Tháng 2 nhà T '!$B$4:$B$154,K13,'Tháng 2 nhà T '!$G$4:$G$154) -> 10883079
A14: T37 | B14: MẠNH | C14: 10 | D14: 6666666.7 | E14: 257309.63 | F14: -526885.54 | G14: =Table521117681522293437414651589[[#This Row],[LỢI NHUẬN RÒNG]]+Table521117681522293437414651589[[#This Row],[VỐN CP]] -> 6139781.1 | K14: NGỌC | L14: =SUMIF($B$4:$B$155,K14,$D$4:$D$155) -> 17560000 | M14: =SUMIF('Tháng 2 nhà T '!$B$4:$B$154,K14,'Tháng 2 nhà T '!$E$4:$E$154) -> 2976088.5 | N14: =SUMIF('Tháng 2 nhà T '!$B$4:$B$154,K14,'Tháng 2 nhà T '!$F$4:$F$154) -> 405830.75 | O14: =SUMIF('Tháng 2 nhà T '!$B$4:$B$154,K14,'Tháng 2 nhà T '!$G$4:$G$154) -> 17965831
A15: T37 | B15: TÙNG | C15: 20 | D15: 13333333 | E15: 514619.27 | F15: -1053771.1 | G15: =Table521117681522293437414651589[[#This Row],[LỢI NHUẬN RÒNG]]+Table521117681522293437414651589[[#This Row],[VỐN CP]] -> 12279562 | K15: TÙNG | L15: =SUMIF($B$4:$B$155,K15,$D$4:$D$155) -> 42353333 | M15: =SUMIF('Tháng 2 nhà T '!$B$4:$B$154,K15,'Tháng 2 nhà T '!$E$4:$E$154) -> 6838635.6 | N15: =SUMIF('Tháng 2 nhà T '!$B$4:$B$154,K15,'Tháng 2 nhà T '!$F$4:$F$154) -> 1052908.5 | O15: =SUMIF('Tháng 2 nhà T '!$B$4:$B$154,K15,'Tháng 2 nhà T '!$G$4:$G$154) -> 43406242
A16: T38 | B16: CHUNG | C16: 30 | D16: 7950000 | E16: -1155073.5 | F16: -1966875.6 | G16: =Table521117681522293437414651589[[#This Row],[LỢI NHUẬN RÒNG]]+Table521117681522293437414651589[[#This Row],[VỐN CP]] -> 5983124.4 | K16: HUY ANH | L16: =SUMIF($B$4:$B$155,K16,$D$4:$D$155) -> 2750000 | M16: =SUMIF('Tháng 2 nhà T '!$B$4:$B$154,K16,'Tháng 2 nhà T '!$E$4:$E$154) -> 322600.45 | N16: =SUMIF('Tháng 2 nhà T '!$B$4:$B$154,K16,'Tháng 2 nhà T '!$F$4:$F$154) -> 952.62196 | O16: =SUMIF('Tháng 2 nhà T '!$B$4:$B$154,K16,'Tháng 2 nhà T '!$G$4:$G$154) -> 2750952.6
A17: T38 | B17: HẰNG | C17: 30 | D17: 7950000 | E17: -1155073.5 | F17: -1966875.6 | G17: =Table521117681522293437414651589[[#This Row],[LỢI NHUẬN RÒNG]]+Table521117681522293437414651589[[#This Row],[VỐN CP]] -> 5983124.4 | K17: TỔNG | L17: =SUM(L2:L16) -> 1.4740167e+09 | M17: =SUM(M2:M16) -> 3.8850506e+08 | N17: =SUM(N2:N16) -> 1.6496335e+08 | O17: =SUM(O2:O16) -> 1.6064545e+09
A18: T38 | B18: HÀO | C18: 10 | D18: 2650000 | E18: -385024.5 | F18: -655625.21 | G18: =Table521117681522293437414651589[[#This Row],[LỢI NHUẬN RÒNG]]+Table521117681522293437414651589[[#This Row],[VỐN CP]] -> 1994374.8
A19: T38 | B19: KIÊN | C19: 20 | D19: 5300000 | E19: -770049 | F19: -1311250.4 | G19: =Table521117681522293437414651589[[#This Row],[LỢI NHUẬN RÒNG]]+Table521117681522293437414651589[[#This Row],[VỐN CP]] -> 3988749.6
A20: T38 | B20: NGỌC | C20: 10 | D20: 2650000 | E20: -385024.5 | F20: -655625.21 | G20: =Table521117681522293437414651589[[#This Row],[LỢI NHUẬN RÒNG]]+Table521117681522293437414651589[[#This Row],[VỐN CP]] -> 1994374.8
A21: T41 | B21: CHUNG | C21: 25 | D21: 13750000 | E21: 1613002.2 | F21: 4763.1098 | G21: =Table521117681522293437414651589[[#This Row],[LỢI NHUẬN RÒNG]]+Table521117681522293437414651589[[#This Row],[VỐN CP]] -> 13754763
A22: T41 | B22: HẰNG | C22: 25 | D22: 13750000 | E22: 1613002.2 | F22: 4763.1098 | G22: =Table521117681522293437414651589[[#This Row],[LỢI NHUẬN RÒNG]]+Table521117681522293437414651589[[#This Row],[VỐN CP]] -> 13754763
A23: T41 | B23: HUY ANH | C23: 5 | D23: 2750000 | E23: 322600.45 | F23: 952.62196 | G23: =Table521117681522293437414651589[[#This Row],[LỢI NHUẬN RÒNG]]+Table521117681522293437414651589[[#This Row],[VỐN CP]] -> 2750952.6
A24: T41 | B24: NGỌC | C24: 5 | D24: 2750000 | E24: 322600.45 | F24: 952.62196 | G24: =Table521117681522293437414651589[[#This Row],[LỢI NHUẬN RÒNG]]+Table521117681522293437414651589[[#This Row],[VỐN CP]] -> 2750952.6
A25: T41 | B25: KIÊN | C25: 20 | D25: 11000000 | E25: 1290401.8 | F25: 3810.4878 | G25: =Table521117681522293437414651589[[#This Row],[LỢI NHUẬN RÒNG]]+Table521117681522293437414651589[[#This Row],[VỐN CP]] -> 11003810
A26: T41 | B26: MẠNH | C26: 10 | D26: 5500000 | E26: 645200.9 | F26: 1905.2439 | G26: =Table521117681522293437414651589[[#This Row],[LỢI NHUẬN RÒNG]]+Table521117681522293437414651589[[#This Row],[VỐN CP]] -> 5501905.2
A27: T42 | B27: CHUNG | C27: 35 | D27: 45237500 | E27: 16106020 | F27: 7301683.2 | G27: =Table521117681522293437414651589[[#This Row],[LỢI NHUẬN RÒNG]]+Table521117681522293437414651589[[#This Row],[VỐN CP]] -> 52539183
A28: T42 | B28: HẰNG | C28: 40 | D28: 51700000 | E28: 18406880 | F28: 8344780.9 | G28: =Table521117681522293437414651589[[#This Row],[LỢI NHUẬN RÒNG]]+Table521117681522293437414651589[[#This Row],[VỐN CP]] -> 60044781
A29: T42 | B29: HÀO | C29: 10 | D29: 12925000 | E29: 4601720 | F29: 2086195.2 | G29: =Table521117681522293437414651589[[#This Row],[LỢI NHUẬN RÒNG]]+Table521117681522293437414651589[[#This Row],[VỐN CP]] -> 15011195
... A88: T25 | B88: CHUNG | C88: 30 | D88: 33000000 | E88: 12142791 | F88: 6030575.2 | G88: =Table521117681522293437414651589[[#This Row],[LỢI NHUẬN RÒNG]]+Table521117681522293437414651589[[#This Row],[VỐN CP]] -> 39030575
A89: T25 | B89: HẰNG | C89: 25 | D89: 27500000 | E89: 10118992 | F89: 5025479.3
A90: T25 | B90: HÀO | C90: 15 | D90: 16500000 | E90: 6071395.3 | F90: 3015287.6 | G90: =Table521117681522293437414651589[[#This Row],[LỢI NHUẬN RÒNG]]+Table521117681522293437414651589[[#This Row],[VỐN CP]] -> 19515288
A91: T25 | B91: KIÊN | C91: 20 | D91: 22000000 | E91: 8095193.8 | F91: 4020383.4 | G91: =Table521117681522293437414651589[[#This Row],[LỢI NHUẬN RÒNG]]+Table521117681522293437414651589[[#This Row],[VỐN CP]] -> 26020383
A92: T25 | B92: TÙNG | C92: 10 | D92: 11000000 | E92: 4047596.9 | F92: 2010191.7 | G92: =Table521117681522293437414651589[[#This Row],[LỢI NHUẬN RÒNG]]+Table521117681522293437414651589[[#This Row],[VỐN CP]] -> 13010192
A93: T26 | B93: CHUNG | C93: 25 | D93: 12500000 | E93: 2030966.2 | F93: 581595.37 | G93: =Table521117681522293437414651589[[#This Row],[LỢI NHUẬN RÒNG]]+Table521117681522293437414651589[[#This Row],[VỐN CP]] -> 13081595
A94: T26 | B94: HẰNG | C94: 25 | D94: 12500000 | E94: 2030966.2 | F94: 581595.37 | G94: =Table521117681522293437414651589[[#This Row],[LỢI NHUẬN RÒNG]]+Table521117681522293437414651589[[#This Row],[VỐN CP]] -> 13081595
A95: T26 | B95: HUY | C95: 10 | D95: 5000000 | E95: 812386.5 | F95: 232638.15 | G95: =Table521117681522293437414651589[[#This Row],[LỢI NHUẬN RÒNG]]+Table521117681522293437414651589[[#This Row],[VỐN CP]] -> 5232638.1
A96: T26 | B96: KIÊN | C96: 40 | D96: 20000000 | E96: 3249546 | F96: 930552.6 | G96: =Table521117681522293437414651589[[#This Row],[LỢI NHUẬN RÒNG]]+Table521117681522293437414651589[[#This Row],[VỐN CP]] -> 20930553
A97: T27 | B97: CHUNG | C97: 25 | D97: 14400000 | E97: -428094.5 | F97: -1910137.4 | G97: =Table521117681522293437414651589[[#This Row],[LỢI NHUẬN RÒNG]]+Table521117681522293437414651589[[#This Row],[VỐN CP]] -> 12489863
A98: T27 | B98: Đ. THẮNG | C98: 10 | D98: 5760000 | E98: -171237.8 | F98: -764054.96 | G98: =Table521117681522293437414651589[[#This Row],[LỢI NHUẬN RÒNG]]+Table521117681522293437414651589[[#This Row],[VỐN CP]] -> 4995945
A99: T27 | B99: HẰNG | C99: 25 | D99: 14400000 | E99: -428094.5 | F99: -1910137.4 | G99: =Table521117681522293437414651589[[#This Row],[LỢI NHUẬN RÒNG]]+Table521117681522293437414651589[[#This Row],[VỐN CP]] -> 12489863
A100: T27 | B100: KIÊN | C100: 20 | D100: 11520000 | E100: -342475.6 | F100: -1528109.9 | G100: =Table521117681522293437414651589[[#This Row],[LỢI NHUẬN RÒNG]]+Table521117681522293437414651589[[#This Row],[VỐN CP]] -> 9991890.1
A101: T27 | B101: TÙNG | C101: 20 | D101: 11520000 | E101: -342475.6 | F101: -1528109.9 | G101: =Table521117681522293437414651589[[#This Row],[LỢI NHUẬN RÒNG]]+Table521117681522293437414651589[[#This Row],[VỐN CP]] -> 9991890.1
... A154: T8 | B154: KIÊN | C154: 40 | D154: 13320000 | E154: 4228006 | F154: 2601945.1 | G154: =Table521117681522293437414651589[[#This Row],[LỢI NHUẬN RÒNG]]+Table521117681522293437414651589[[#This Row],[VỐN CP]] -> 15921945
D155: =SUBTOTAL(109,Table521117681522293437414651589[VỐN CP]) -> 17560000 | E155: =SUBTOTAL(109,Table521117681522293437414651589[LỢI NHUẬN GỘP]) -> 2976088.5 | F155: =SUBTOTAL(109,Table521117681522293437414651589[LỢI NHUẬN RÒNG]) -> 405830.75 | G155: =SUBTOTAL(109,Table521117681522293437414651589[TỔNG NHẬN]) -> 17965831

Sheet Tháng 2 nhà S 
A1: BẢNG CHIA CỔ PHẦN THÁNG 2.26 NHÀ S
A2: MÃ TOÀ | B2: CỔ ĐÔNG | C2: TỈ LỆ % | D2: VỐN CP | E2: LỢI NHUẬN GỘP | F2: LỢI NHUẬN RÒNG | G2: TỔNG NHẬN | H2: Column1 | K2: CỔ ĐÔNG | L2: VỐN CP | M2: LỢI NHUẬN GỘP | N2: LỢI NHUẬN RÒNG | O2: TỔNG NHẬN
A3: S1 | B3: CHUNG | C3: 35 | D3: 8400000 | E3: 2699876.9 | F3: 1498794.8 | G3: =D3+Table8414194101324273239434853567[[#This Row],[LỢI NHUẬN RÒNG]] -> 9898794.8 | K3: A ĐIỆP | L3: =SUMIF(Table8414194101324273239434853567[CỔ ĐÔNG],K3,Table8414194101324273239434853567[VỐN CP]) -> 48688333 | M3: =SUMIF(Table8414194101324273239434853567[CỔ ĐÔNG],K3,Table8414194101324273239434853567[LỢI NHUẬN GỘP]) -> 12343076 | N3: =SUMIF(Table8414194101324273239434853567[CỔ ĐÔNG],K3,Table8414194101324273239434853567[LỢI NHUẬN RÒNG]) -> 4971476.3 | O3: =SUMIF(Table8414194101324273239434853567[CỔ ĐÔNG],K3,Table8414194101324273239434853567[TỔNG NHẬN]) -> 53659810
A4: S2 | B4: CHUNG | C4: 35 | D4: 17266667 | E4: 1762619.5 | F4: -605414.04 | G4: =D4+Table8414194101324273239434853567[[#This Row],[LỢI NHUẬN RÒNG]] -> 16661253 | K4: CHUNG | L4: =SUMIF(Table8414194101324273239434853567[CỔ ĐÔNG],K4,Table8414194101324273239434853567[VỐN CP]) -> 3.7464667e+08 | M4: =SUMIF(Table8414194101324273239434853567[CỔ ĐÔNG],K4,Table8414194101324273239434853567[LỢI NHUẬN GỘP]) -> 95972356 | N4: =SUMIF(Table8414194101324273239434853567[CỔ ĐÔNG],K4,Table8414194101324273239434853567[LỢI NHUẬN RÒNG]) -> 41362761 | O4: =SUMIF(Table8414194101324273239434853567[CỔ ĐÔNG],Table9515205111425283340444954578[[#This Row],[CỔ ĐÔNG]],Table8414194101324273239434853567[TỔNG NHẬN]) -> 4.1616748e+08
A5: S3 | B5: CHUNG | C5: 30 | D5: 12600000 | E5: 3784934.7 | F5: 2039698.9 | G5: =D5+Table8414194101324273239434853567[[#This Row],[LỢI NHUẬN RÒNG]] -> 14639699 | K5: Đ.THẮNG | L5: =SUMIF(Table8414194101324273239434853567[CỔ ĐÔNG],K5,Table8414194101324273239434853567[VỐN CP]) -> 63601667 | M5: =SUMIF(Table8414194101324273239434853567[CỔ ĐÔNG],K5,Table8414194101324273239434853567[LỢI NHUẬN GỘP]) -> 16795114 | N5: =SUMIF(Table8414194101324273239434853567[CỔ ĐÔNG],K5,Table8414194101324273239434853567[LỢI NHUẬN RÒNG]) -> 7362491.7 | O5: =SUMIF(Table8414194101324273239434853567[CỔ ĐÔNG],Table9515205111425283340444954578[[#This Row],[CỔ ĐÔNG]],Table8414194101324273239434853567[TỔNG NHẬN]) -> 71016842
A6: S4 | B6: CHUNG | C6: 30 | D6: 15900000 | E6: 5038017.6 | F6: 2494556.9 | G6: =D6+Table8414194101324273239434853567[[#This Row],[LỢI NHUẬN RÒNG]] -> 18394557 | K6: ĐẠT | L6: =SUMIF(Table8414194101324273239434853567[CỔ ĐÔNG],K6,Table8414194101324273239434853567[VỐN CP]) -> 28546667 | M6: =SUMIF(Table8414194101324273239434853567[CỔ ĐÔNG],K6,Table8414194101324273239434853567[LỢI NHUẬN GỘP]) -> 9653865.6 | N6: =SUMIF(Table8414194101324273239434853567[CỔ ĐÔNG],K6,Table8414194101324273239434853567[LỢI NHUẬN RÒNG]) -> 4913519.3 | O6: =SUMIF(Table8414194101324273239434853567[CỔ ĐÔNG],K6,Table8414194101324273239434853567[TỔNG NHẬN]) -> 33460186
A7: S5 | B7: CHUNG | C7: 40 | D7: 18000000 | E7: 930425.6 | F7: -1678541 | G7: =D7+Table8414194101324273239434853567[[#This Row],[LỢI NHUẬN RÒNG]] -> 16321459 | K7: DT | L7: =SUMIF(Table8414194101324273239434853567[CỔ ĐÔNG],K7,Table8414194101324273239434853567[VỐN CP]) -> 6795000 | M7: =SUMIF(Table8414194101324273239434853567[CỔ ĐÔNG],K7,Table8414194101324273239434853567[LỢI NHUẬN GỘP]) -> 3212108.5 | N7: =SUMIF(Table8414194101324273239434853567[CỔ ĐÔNG],K7,Table8414194101324273239434853567[LỢI NHUẬN RÒNG]) -> 2038490.8 | O7: =SUMIF(Table8414194101324273239434853567[CỔ ĐÔNG],Table9515205111425283340444954578[[#This Row],[CỔ ĐÔNG]],Table8414194101324273239434853567[TỔNG NHẬN]) -> 8833490.8
A8: S6 | B8: CHUNG | C8: 25 | D8: 8250000 | E8: 2363969 | F8: 1272745.6 | G8: =D8+Table8414194101324273239434853567[[#This Row],[LỢI NHUẬN RÒNG]] -> 9522745.6 | K8: HẰNG | L8: =SUMIF(Table8414194101324273239434853567[CỔ ĐÔNG],K8,Table8414194101324273239434853567[VỐN CP]) -> 3.9149333e+08 | M8: =SUMIF(Table8414194101324273239434853567[CỔ ĐÔNG],K8,Table8414194101324273239434853567[LỢI NHUẬN GỘP]) -> 89266655 | N8: =SUMIF(Table8414194101324273239434853567[CỔ ĐÔNG],K8,Table8414194101324273239434853567[LỢI NHUẬN RÒNG]) -> 32589123 | O8: =SUMIF(Table8414194101324273239434853567[CỔ ĐÔNG],Table9515205111425283340444954578[[#This Row],[CỔ ĐÔNG]],Table8414194101324273239434853567[TỔNG NHẬN]) -> 4.2424051e+08
A9: S7 | B9: CHUNG | C9: 25 | D9: 9000000 | E9: 1802932.8 | F9: 415580.63 | G9: =D9+Table8414194101324273239434853567[[#This Row],[LỢI NHUẬN RÒNG]] -> 9415580.6 | K9: HÀO | L9: =SUMIF(Table8414194101324273239434853567[CỔ ĐÔNG],K9,Table8414194101324273239434853567[VỐN CP]) -> 3.4534833e+08 | M9: =SUMIF(Table8414194101324273239434853567[CỔ ĐÔNG],K9,Table8414194101324273239434853567[LỢI NHUẬN GỘP]) -> 86936490 | N9: =SUMIF(Table8414194101324273239434853567[CỔ ĐÔNG],K9,Table8414194101324273239434853567[LỢI NHUẬN RÒNG]) -> 35594396 | O9: =SUMIF(Table8414194101324273239434853567[CỔ ĐÔNG],Table9515205111425283340444954578[[#This Row],[CỔ ĐÔNG]],Table8414194101324273239434853567[TỔNG NHẬN]) -> 3.8099541e+08
A10: S8 | B10: CHUNG | C10: 25 | D10: 5500000 | E10: 1227602 | F10: 174906.79 | G10: =D10+Table8414194101324273239434853567[[#This Row],[LỢI NHUẬN RÒNG]] -> 5674906.8 | K10: HUY | L10: =SUMIF(Table8414194101324273239434853567[CỔ ĐÔNG],K10,Table8414194101324273239434853567[VỐN CP]) -> 35435000 | M10: =SUMIF(Table8414194101324273239434853567[CỔ ĐÔNG],K10,Table8414194101324273239434853567[LỢI NHUẬN GỘP]) -> 6631403.4 | N10: =SUMIF(Table8414194101324273239434853567[CỔ ĐÔNG],K10,Table8414194101324273239434853567[LỢI NHUẬN RÒNG]) -> 1547774.8 | O10: =SUMIF(Table8414194101324273239434853567[CỔ ĐÔNG],Table9515205111425283340444954578[[#This Row],[CỔ ĐÔNG]],Table8414194101324273239434853567[TỔNG NHẬN]) -> 36982775
A11: S9 | B11: CHUNG | C11: 20 | D11: 14780000 | E11: 4201309.2 | F11: 2689105.8 | G11: =D11+Table8414194101324273239434853567[[#This Row],[LỢI NHUẬN RÒNG]] -> 17469106 | K11: HUY ANH | L11: =SUMIF(Table8414194101324273239434853567[CỔ ĐÔNG],K11,Table8414194101324273239434853567[VỐN CP]) -> 96351667 | M11: =SUMIF(Table8414194101324273239434853567[CỔ ĐÔNG],K11,Table8414194101324273239434853567[LỢI NHUẬN GỘP]) -> 24411979 | N11: =SUMIF(Table8414194101324273239434853567[CỔ ĐÔNG],K11,Table8414194101324273239434853567[LỢI NHUẬN RÒNG]) -> 10375193 | O11: =SUMIF(Table8414194101324273239434853567[CỔ ĐÔNG],Table9515205111425283340444954578[[#This Row],[CỔ ĐÔNG]],Table8414194101324273239434853567[TỔNG NHẬN]) -> 1.0672686e+08
A12: S10 | B12: CHUNG | C12: 30 | D12: 13830000 | E12: 3093795.6 | F12: 771188.37 | G12: =D12+Table8414194101324273239434853567[[#This Row],[LỢI NHUẬN RÒNG]] -> 14601188 | K12: KIÊN | L12: =SUMIF(Table8414194101324273239434853567[CỔ ĐÔNG],K12,Table8414194101324273239434853567[VỐN CP]) -> 78370000 | M12: =SUMIF(Table8414194101324273239434853567[CỔ ĐÔNG],K12,Table8414194101324273239434853567[LỢI NHUẬN GỘP]) -> 19524251 | N12: =SUMIF(Table8414194101324273239434853567[CỔ ĐÔNG],K12,Table8414194101324273239434853567[LỢI NHUẬN RÒNG]) -> 8471387.6 | O12: =SUMIF(Table8414194101324273239434853567[CỔ ĐÔNG],Table9515205111425283340444954578[[#This Row],[CỔ ĐÔNG]],Table8414194101324273239434853567[TỔNG NHẬN]) -> 86841388
A13: S11 | B13: CHUNG | C13: 25 | K13: LUẬN | L13: =SUMIF(Table8414194101324273239434853567[CỔ ĐÔNG],K13,Table8414194101324273239434853567[VỐN CP]) -> 38973333 | M13: =SUMIF(Table8414194101324273239434853567[CỔ ĐÔNG],K13,Table8414194101324273239434853567[LỢI NHUẬN GỘP]) -> 11530686 | N13: =SUMIF(Table8414194101324273239434853567[CỔ ĐÔNG],K13,Table8414194101324273239434853567[LỢI NHUẬN RÒNG]) -> 5122350.8 | O13: =SUMIF(Table8414194101324273239434853567[CỔ ĐÔNG],Table9515205111425283340444954578[[#This Row],[CỔ ĐÔNG]],Table8414194101324273239434853567[TỔNG NHẬN]) -> 44095684
A14: S12 | B14: CHUNG | C14: 40 | D14: 20400000 | E14: 3285574.8 | F14: 636517.8 | G14: =D14+Table8414194101324273239434853567[[#This Row],[LỢI NHUẬN RÒNG]] -> 21036518 | K14: MẠNH | L14: =SUMIF(Table8414194101324273239434853567[CỔ ĐÔNG],K14,Table8414194101324273239434853567[VỐN CP]) -> 1.4526333e+08 | M14: =SUMIF(Table8414194101324273239434853567[CỔ ĐÔNG],K14,Table8414194101324273239434853567[LỢI NHUẬN GỘP]) -> 33778326 | N14: =SUMIF(Table8414194101324273239434853567[CỔ ĐÔNG],K14,Table8414194101324273239434853567[LỢI NHUẬN RÒNG]) -> 12196580 | O14: =SUMIF(Table8414194101324273239434853567[CỔ ĐÔNG],Table9515205111425283340444954578[[#This Row],[CỔ ĐÔNG]],Table8414194101324273239434853567[TỔNG NHẬN]) -> 1.575126e+08
A15: S13 | B15: CHUNG | C15: 15 | D15: 9150000 | E15: 1622441.1 | F15: 544765.41 | G15: =D15+Table8414194101324273239434853567[[#This Row],[LỢI NHUẬN RÒNG]] -> 9694765.4 | K15: NGỌC | L15: =SUMIF(Table8414194101324273239434853567[CỔ ĐÔNG],K15,Table8414194101324273239434853567[VỐN CP]) -> 62258333 | M15: =SUMIF(Table8414194101324273239434853567[CỔ ĐÔNG],K15,Table8414194101324273239434853567[LỢI NHUẬN GỘP]) -> 16888311 | N15: =SUMIF(Table8414194101324273239434853567[CỔ ĐÔNG],K15,Table8414194101324273239434853567[LỢI NHUẬN RÒNG]) -> 8112495.3 | O15: =SUMIF(Table8414194101324273239434853567[CỔ ĐÔNG],Table9515205111425283340444954578[[#This Row],[CỔ ĐÔNG]],Table8414194101324273239434853567[TỔNG NHẬN]) -> 70370829
A16: S14 | B16: CHUNG | C16: 20 | D16: 6160000 | E16: 2607176.8 | F16: 1756929.1 | G16: =D16+Table8414194101324273239434853567[[#This Row],[LỢI NHUẬN RÒNG]] -> 7916929.1 | K16: NỤ | L16: =SUMIF(Table8414194101324273239434853567[CỔ ĐÔNG],K16,Table8414194101324273239434853567[VỐN CP]) -> 52721667 | M16: =SUMIF(Table8414194101324273239434853567[CỔ ĐÔNG],K16,Table8414194101324273239434853567[LỢI NHUẬN GỘP]) -> 13695474 | N16: =SUMIF(Table8414194101324273239434853567[CỔ ĐÔNG],K16,Table8414194101324273239434853567[LỢI NHUẬN RÒNG]) -> 5973345.5 | O16: =SUMIF(Table8414194101324273239434853567[CỔ ĐÔNG],Table9515205111425283340444954578[[#This Row],[CỔ ĐÔNG]],Table8414194101324273239434853567[TỔNG NHẬN]) -> 58695012
A17: S15 | B17: CHUNG | C17: 20 | D17: 9000000 | E17: 39795 | F17: -873457.87 | G17: =D17+Table8414194101324273239434853567[[#This Row],[LỢI NHUẬN RÒNG]] -> 8126542.1 | K17: TÙNG | L17: =SUMIF(Table8414194101324273239434853567[CỔ ĐÔNG],K17,Table8414194101324273239434853567[VỐN CP]) -> 162455000 | M17: =SUMIF(Table8414194101324273239434853567[CỔ ĐÔNG],K17,Table8414194101324273239434853567[LỢI NHUẬN GỘP]) -> 45970807 | N17: =SUMIF(Table8414194101324273239434853567[CỔ ĐÔNG],K17,Table8414194101324273239434853567[LỢI NHUẬN RÒNG]) -> 20718485 | O17: =SUMIF(Table8414194101324273239434853567[CỔ ĐÔNG],Table9515205111425283340444954578[[#This Row],[CỔ ĐÔNG]],Table8414194101324273239434853567[TỔNG NHẬN]) -> 1.8322617e+08
A18: S16 | B18: CHUNG | C18: 20 | D18: 5000000 | E18: 2738351.3 | F18: 2068943.2 | G18: =D18+Table8414194101324273239434853567[[#This Row],[LỢI NHUẬN RÒNG]] -> 7068943.2 | K18: CƯỜNG | L18: =SUMIF(Table8414194101324273239434853567[CỔ ĐÔNG],K18,Table8414194101324273239434853567[VỐN CP]) -> 1583333.3 | M18: =SUMIF(Table8414194101324273239434853567[CỔ ĐÔNG],K18,Table8414194101324273239434853567[LỢI NHUẬN GỘP]) -> 600199.47 | N18: =SUMIF(Table8414194101324273239434853567[CỔ ĐÔNG],K18,Table8414194101324273239434853567[LỢI NHUẬN RÒNG]) -> 386246.55 | O18: =SUMIF(Table8414194101324273239434853567[CỔ ĐÔNG],Table9515205111425283340444954578[[#This Row],[CỔ ĐÔNG]],Table8414194101324273239434853567[TỔNG NHẬN]) -> 1969579.9
A19: S17 | B19: CHUNG | C19: 10 | D19: 1100000 | E19: 1123431 | F19: 751442.91 | G19: =D19+Table8414194101324273239434853567[[#This Row],[LỢI NHUẬN RÒNG]] -> 1851442.9 | K19: HƯƠNG ANH | L19: =SUMIF(Table8414194101324273239434853567[CỔ ĐÔNG],K19,Table8414194101324273239434853567[VỐN CP]) -> 2533333.3 | M19: =SUMIF(Table8414194101324273239434853567[CỔ ĐÔNG],K19,Table8414194101324273239434853567[LỢI NHUẬN GỘP]) -> 994823.32 | N19: =SUMIF(Table8414194101324273239434853567[CỔ ĐÔNG],K19,Table8414194101324273239434853567[LỢI NHUẬN RÒNG]) -> 593994.89 | O19: =SUMIF(Table8414194101324273239434853567[CỔ ĐÔNG],Table9515205111425283340444954578[[#This Row],[CỔ ĐÔNG]],Table8414194101324273239434853567[TỔNG NHẬN]) -> 3127328.2
A20: S1 | B20: Đ.THẮNG | C20: 10 | D20: 2400000 | E20: 771393.4 | F20: 428227.1 | G20: =D20+Table8414194101324273239434853567[[#This Row],[LỢI NHUẬN RÒNG]] -> 2828227.1 | K20: HOÀNG ANH | L20: =SUMIF(Table8414194101324273239434853567[CỔ ĐÔNG],K20,Table8414194101324273239434853567[VỐN CP]) -> 2083333.3 | M20: =SUMIF(Table8414194101324273239434853567[CỔ ĐÔNG],K20,Table8414194101324273239434853567[LỢI NHUẬN GỘP]) -> 795517.27 | N20: =SUMIF(Table8414194101324273239434853567[CỔ ĐÔNG],K20,Table8414194101324273239434853567[LỢI NHUẬN RÒNG]) -> 456663.99 | O20: =SUMIF(Table8414194101324273239434853567[CỔ ĐÔNG],Table9515205111425283340444954578[[#This Row],[CỔ ĐÔNG]],Table8414194101324273239434853567[TỔNG NHẬN]) -> 2539997.3
A21: S2 | B21: Đ.THẮNG | C21: 10 | D21: 4933333.3 | E21: 503605.57 | F21: -172975.44 | G21: =D21+Table8414194101324273239434853567[[#This Row],[LỢI NHUẬN RÒNG]] -> 4760357.9 | K21: LÂM | L21: =SUMIF(Table8414194101324273239434853567[CỔ ĐÔNG],K21,Table8414194101324273239434853567[VỐN CP]) -> 89468333 | M21: =SUMIF(Table8414194101324273239434853567[CỔ ĐÔNG],K21,Table8414194101324273239434853567[LỢI NHUẬN GỘP]) -> 21052435 | N21: =SUMIF(Table8414194101324273239434853567[CỔ ĐÔNG],K21,Table8414194101324273239434853567[LỢI NHUẬN RÒNG]) -> 8619294.9 | O21: =SUMIF(Table8414194101324273239434853567[CỔ ĐÔNG],Table9515205111425283340444954578[[#This Row],[CỔ ĐÔNG]],Table8414194101324273239434853567[TỔNG NHẬN]) -> 98087628
A22: S3 | B22: Đ.THẮNG | C22: 10 | D22: 4200000 | E22: 1261644.9 | F22: 679899.63 | G22: =D22+Table8414194101324273239434853567[[#This Row],[LỢI NHUẬN RÒNG]] -> 4879899.6 | K22: LINH | L22: =SUMIF(Table8414194101324273239434853567[CỔ ĐÔNG],K22,Table8414194101324273239434853567[VỐN CP]) -> 4700000 | M22: =SUMIF(Table8414194101324273239434853567[CỔ ĐÔNG],K22,Table8414194101324273239434853567[LỢI NHUẬN GỘP]) -> 1711388 | N22: =SUMIF(Table8414194101324273239434853567[CỔ ĐÔNG],K22,Table8414194101324273239434853567[LỢI NHUẬN RÒNG]) -> 777886.4 | O22: =SUMIF(Table8414194101324273239434853567[CỔ ĐÔNG],Table9515205111425283340444954578[[#This Row],[CỔ ĐÔNG]],Table8414194101324273239434853567[TỔNG NHẬN]) -> 5477886.4
A23: S4 | B23: Đ.THẮNG | C23: 10 | D23: 5300000 | E23: 1679339.2 | F23: 831518.96 | G23: =D23+Table8414194101324273239434853567[[#This Row],[LỢI NHUẬN RÒNG]] -> 6131519 | K23: HUYỀN | L23: =SUMIF(Table8414194101324273239434853567[CỔ ĐÔNG],K23,Table8414194101324273239434853567[VỐN CP]) -> 13700000 | M23: =SUMIF(Table8414194101324273239434853567[CỔ ĐÔNG],K23,Table8414194101324273239434853567[LỢI NHUẬN GỘP]) -> 3627918.4 | N23: =SUMIF(Table8414194101324273239434853567[CỔ ĐÔNG],K23,Table8414194101324273239434853567[LỢI NHUẬN RÒNG]) -> 1344874.9 | O23: =SUMIF(Table8414194101324273239434853567[CỔ ĐÔNG],Table9515205111425283340444954578[[#This Row],[CỔ ĐÔNG]],Table8414194101324273239434853567[TỔNG NHẬN]) -> 15044875
A24: S1 | B24: HẰNG | C24: 35 | D24: 8400000 | E24: 2699876.9 | F24: 1498794.8 | G24: =D24+Table8414194101324273239434853567[[#This Row],[LỢI NHUẬN RÒNG]] -> 9898794.8 | K24: ƯỚC | L24: =SUMIF(Table8414194101324273239434853567[CỔ ĐÔNG],K24,Table8414194101324273239434853567[VỐN CP]) -> 13350000 | M24: =SUMIF(Table8414194101324273239434853567[CỔ ĐÔNG],K24,Table8414194101324273239434853567[LỢI NHUẬN GỘP]) -> 3435156.4 | N24: =SUMIF(Table8414194101324273239434853567[CỔ ĐÔNG],K24,Table8414194101324273239434853567[LỢI NHUẬN RÒNG]) -> 1668172.9 | O24: =SUMIF(Table8414194101324273239434853567[CỔ ĐÔNG],Table9515205111425283340444954578[[#This Row],[CỔ ĐÔNG]],Table8414194101324273239434853567[TỔNG NHẬN]) -> 15018173
A25: S2 | B25: HẰNG | C25: 35 | D25: 17266667 | E25: 1762619.5 | F25: -605414.04 | G25: =D25+Table8414194101324273239434853567[[#This Row],[LỢI NHUẬN RÒNG]] -> 16661253 | K25: TỔNG | L25: =SUM(L2:L24) -> 2.0583667e+09 | M25: =SUM(M2:M24) -> 5.1882834e+08 | N25: =SUM(N2:N24) -> 2.1519701e+08 | O25: =SUM(O2:O24) -> 2.2740905e+09
A26: S3 | B26: HẰNG | C26: 30 | D26: 12600000 | E26: 3784934.7 | F26: 2039698.9 | G26: =D26+Table8414194101324273239434853567[[#This Row],[LỢI NHUẬN RÒNG]] -> 14639699
A27: S4 | B27: HẰNG | C27: 30 | D27: 15900000 | E27: 5038017.6 | F27: 2494556.9 | G27: =D27+Table8414194101324273239434853567[[#This Row],[LỢI NHUẬN RÒNG]] -> 18394557
A28: S5 | B28: HẰNG | C28: 40 | D28: 18000000 | E28: 930425.6 | F28: -1678541 | G28: =D28+Table8414194101324273239434853567[[#This Row],[LỢI NHUẬN RÒNG]] -> 16321459
A29: S6 | B29: HẰNG | C29: 30 | D29: 9900000 | E29: 2836762.8 | F29: 1527294.8 | G29: =D29+Table8414194101324273239434853567[[#This Row],[LỢI NHUẬN RÒNG]] -> 11427295
A30: S7 | B30: HẰNG | C30: 30 | D30: 10800000 | E30: 2163519.3 | F30: 498696.75 | G30: =D30+Table8414194101324273239434853567[[#This Row],[LỢI NHUẬN RÒNG]] -> 11298697
A31: S8 | B31: HẰNG | C31: 20 | D31: 4400000 | E31: 982081.6 | F31: 139925.43 | G31: =D31+Table8414194101324273239434853567[[#This Row],[LỢI NHUẬN RÒNG]] -> 4539925.4
A32: S9 | B32: HẰNG | C32: 25 | D32: 18475000 | E32: 5251636.5 | F32: 3361382.3 | G32: =D32+Table8414194101324273239434853567[[#This Row],[LỢI NHUẬN RÒNG]] -> 21836382
A33: S10 | B33: HẰNG | C33: 40 | D33: 18440000 | E33: 4125060.8 | F33: 1028251.2 | G33: =D33+Table8414194101324273239434853567[[#This Row],[LỢI NHUẬN RÒNG]] -> 19468251
A34: S11 | B34: HẰNG | C34: 25
A35: S12 | B35: HẰNG | C35: 50 | D35: 25500000 | E35: 4106968.5 | F35: 795647.25 | G35: =D35+Table8414194101324273239434853567[[#This Row],[LỢI NHUẬN RÒNG]] -> 26295647
A36: S13 | B36: HẰNG | C36: 20 | D36: 12200000 | E36: 2163254.8 | F36: 726353.88 | G36: =D36+Table8414194101324273239434853567[[#This Row],[LỢI NHUẬN RÒNG]] -> 12926354
A37: S14 | B37: HẰNG | C37: 10 | D37: 3080000 | E37: 1303588.4 | F37: 878464.53 | G37: =D37+Table8414194101324273239434853567[[#This Row],[LỢI NHUẬN RÒNG]] -> 3958464.5 | L37: =N25+'Tháng 1 nhà T '!N17 -> 4.9246566e+08
A38: S15 | B38: HẰNG | C38: 20 | D38: 9000000 | E38: 39795 | F38: -873457.87 | G38: =D38+Table8414194101324273239434853567[[#This Row],[LỢI NHUẬN RÒNG]] -> 8126542.1
A39: S16 | B39: HẰNG | C39: 20 | D39: 5000000 | E39: 2738351.3 | F39: 2068943.2 | G39: =D39+Table8414194101324273239434853567[[#This Row],[LỢI NHUẬN RÒNG]] -> 7068943.2
A40: S17 | B40: HẰNG | C40: 10 | D40: 1100000 | E40: 1123431 | F40: 751442.91 | G40: =D40+Table8414194101324273239434853567[[#This Row],[LỢI NHUẬN RÒNG]] -> 1851442.9
A41: S1 | B41: HÀO | C41: 20 | D41: 4800000 | E41: 1542786.8 | F41: 856454.2 | G41: =D41+Table8414194101324273239434853567[[#This Row],[LỢI NHUẬN RÒNG]] -> 5656454.2
A42: S2 | B42: HÀO | C42: 10 | D42: 4933333.3 | E42: 503605.57 | F42: -172975.44 | G42: =D42+Table8414194101324273239434853567[[#This Row],[LỢI NHUẬN RÒNG]] -> 4760357.9
A43: S4 | B43: HÀO | C43: 10 | D43: 5300000 | E43: 1679339.2 | F43: 831518.96 | G43: =D43+Table8414194101324273239434853567[[#This Row],[LỢI NHUẬN RÒNG]] -> 6131519
A44: S5 | B44: HÀO | C44: 20 | D44: 9000000 | E44: 465212.8 | F44: -839270.5 | G44: =D44+Table8414194101324273239434853567[[#This Row],[LỢI NHUẬN RÒNG]] -> 8160729.5
A45: S6 | B45: HÀO | C45: 15 | D45: 4950000 | E45: 1418381.4 | F45: 763647.38 | G45: =D45+Table8414194101324273239434853567[[#This Row],[LỢI NHUẬN RÒNG]] -> 5713647.4
A46: S7 | B46: HÀO | C46: 15 | D46: 5400000 | E46: 1081759.7 | F46: 249348.38 | G46: =D46+Table8414194101324273239434853567[[#This Row],[LỢI NHUẬN RÒNG]] -> 5649348.4
A47: S8 | B47: HÀO | C47: 15 | D47: 3300000 | E47: 736561.2 | F47: 104944.07 | G47: =D47+Table8414194101324273239434853567[[#This Row],[LỢI NHUẬN RÒNG]] -> 3404944.1
A48: S9 | B48: HÀO | C48: 15 | D48: 11085000 | E48: 3150981.9 | F48: 2016829.4 | G48: =D48+Table8414194101324273239434853567[[#This Row],[LỢI NHUẬN RÒNG]] -> 13101829
A49: S10 | B49: HÀO | C49: 30 | D49: 13830000 | E49: 3093795.6 | F49: 771188.37 | G49: =D49+Table8414194101324273239434853567[[#This Row],[LỢI NHUẬN RÒNG]] -> 14601188
A50: S11 | B50: HÀO | C50: 30
A51: S13 | B51: HÀO | C51: 30 | D51: 18300000 | E51: 3244882.2 | F51: 1089530.8 | G51: =D51+Table8414194101324273239434853567[[#This Row],[LỢI NHUẬN RÒNG]] -> 19389531
A52: S14 | B52: HÀO | C52: 20 | D52: 6160000 | E52: 2607176.8 | F52: 1756929.1 | G52: =D52+Table8414194101324273239434853567[[#This Row],[LỢI NHUẬN RÒNG]] -> 7916929.1
A53: S15 | B53: HÀO | C53: 30 | D53: 13500000 | E53: 59692.5 | F53: -1310186.8 | G53: =D53+Table8414194101324273239434853567[[#This Row],[LỢI NHUẬN RÒNG]] -> 12189813
A54: S16 | B54: HÀO | C54: 30 | D54: 7500000 | E54: 4107526.9 | F54: 3103414.8 | G54: =D54+Table8414194101324273239434853567[[#This Row],[LỢI NHUẬN RÒNG]] -> 10603415
A55: S17 | B55: HÀO | C55: 30 | D55: 3300000 | E55: 3370293 | F55: 2254328.7 | G55: =D55+Table8414194101324273239434853567[[#This Row],[LỢI NHUẬN RÒNG]] -> 5554328.7
A56: S3 | B56: HÀO | C56: 10 | D56: 4200000 | E56: 1261644.9 | F56: 679899.63 | G56: =D56+Table8414194101324273239434853567[[#This Row],[LỢI NHUẬN RÒNG]] -> 4879899.6
A57: S14 | B57: HUY | C57: 10 | D57: 3080000 | E57: 1303588.4 | F57: 878464.53 | G57: =D57+Table8414194101324273239434853567[[#This Row],[LỢI NHUẬN RÒNG]] -> 3958464.5
A58: S15 | B58: HUY ANH | C58: 5 | D58: 2250000 | E58: 9948.75 | F58: -218364.47 | G58: =D58+Table8414194101324273239434853567[[#This Row],[LỢI NHUẬN RÒNG]] -> 2031635.5
A59: S3 | B59: HUY ANH | C59: 10 | D59: 4200000 | E59: 1261644.9 | F59: 679899.63 | G59: =D59+Table8414194101324273239434853567[[#This Row],[LỢI NHUẬN RÒNG]] -> 4879899.6
A60: S16 | B60: HUY ANH | C60: 10 | D60: 2500000 | E60: 1369175.6 | F60: 1034471.6 | G60: =D60+Table8414194101324273239434853567[[#This Row],[LỢI NHUẬN RÒNG]] -> 3534471.6
A61: S6 | B61: KIÊN | C61: 30 | D61: 9900000 | E61: 2836762.8 | F61: 1527294.8 | G61: =D61+Table8414194101324273239434853567[[#This Row],[LỢI NHUẬN RÒNG]] -> 11427295
A62: S7 | B62: KIÊN | C62: 30 | D62: 10800000 | E62: 2163519.3 | F62: 498696.75 | G62: =D62+Table8414194101324273239434853567[[#This Row],[LỢI NHUẬN RÒNG]] -> 11298697
... A64: S9 | B64: KIÊN | C64: 30 | D64: 22170000 | E64: 6301963.8 | F64: 4033658.7 | G64: =D64+Table8414194101324273239434853567[[#This Row],[LỢI NHUẬN RÒNG]] -> 26203659
A65: S11 | B65: LUẬN | C65: 10
A66: S17 | B66: LUẬN | C66: 20 | D66: 2200000 | E66: 2246862 | F66: 1502885.8 | G66: =D66+Table8414194101324273239434853567[[#This Row],[LỢI NHUẬN RÒNG]] -> 3702885.8
A67: S2 | B67: MẠNH | C67: 10 | D67: 4933333.3 | E67: 503605.57 | F67: -172975.44 | G67: =D67+Table8414194101324273239434853567[[#This Row],[LỢI NHUẬN RÒNG]] -> 4760357.9
A68: S3 | B68: MẠNH | C68: 10 | D68: 4200000 | E68: 1261644.9 | F68: 679899.63 | G68: =D68+Table8414194101324273239434853567[[#This Row],[LỢI NHUẬN RÒNG]] -> 4879899.6
A69: S4 | B69: MẠNH | C69: 10 | D69: 5300000 | E69: 1679339.2 | F69: 831518.96 | G69: =D69+Table8414194101324273239434853567[[#This Row],[LỢI NHUẬN RÒNG]] -> 6131519
A70: S12 | B70: MẠNH | C70: 10 | D70: 5100000 | E70: 821393.7 | F70: 159129.45 | G70: =D70+Table8414194101324273239434853567[[#This Row],[LỢI NHUẬN RÒNG]] -> 5259129.4
A71: S13 | B71: MẠNH | C71: 10 | D71: 6100000 | E71: 1081627.4 | F71: 363176.94 | G71: =D71+Table8414194101324273239434853567[[#This Row],[LỢI NHUẬN RÒNG]] -> 6463176.9
A72: S14 | B72: MẠNH | C72: 10 | D72: 3080000 | E72: 1303588.4 | F72: 878464.53 | G72: =D72+Table8414194101324273239434853567[[#This Row],[LỢI NHUẬN RÒNG]] -> 3958464.5
A73: S15 | B73: MẠNH | C73: 10 | D73: 4500000 | E73: 19897.5 | F73: -436728.93 | G73: =D73+Table8414194101324273239434853567[[#This Row],[LỢI NHUẬN RÒNG]] -> 4063271.1
A74: S16 | B74: MẠNH | C74: 10 | D74: 2500000 | E74: 1369175.6 | F74: 1034471.6 | G74: =D74+Table8414194101324273239434853567[[#This Row],[LỢI NHUẬN RÒNG]] -> 3534471.6
A75: S17 | B75: MẠNH | C75: 20 | D75: 2200000 | E75: 2246862 | F75: 1502885.8 | G75: =D75+Table8414194101324273239434853567[[#This Row],[LỢI NHUẬN RÒNG]] -> 3702885.8
A76: S8 | B76: NGỌC | C76: 10 | D76: 2200000 | E76: 491040.8 | F76: 69962.714 | G76: =D76+Table8414194101324273239434853567[[#This Row],[LỢI NHUẬN RÒNG]] -> 2269962.7
A77: S9 | B77: NGỌC | C77: 10 | D77: 7390000 | E77: 2100654.6 | F77: 1344552.9 | G77: =D77+Table8414194101324273239434853567[[#This Row],[LỢI NHUẬN RÒNG]] -> 8734552.9
A78: S11 | B78: NGỌC | C78: 10
A79: S13 | B79: NGỌC | C79: 10 | D79: 6100000 | E79: 1081627.4 | F79: 363176.94 | G79: =D79+Table8414194101324273239434853567[[#This Row],[LỢI NHUẬN RÒNG]] -> 6463176.9
A80: S14 | B80: NGỌC | C80: 10 | D80: 3080000 | E80: 1303588.4 | F80: 878464.53 | G80: =D80+Table8414194101324273239434853567[[#This Row],[LỢI NHUẬN RÒNG]] -> 3958464.5
A81: S15 | B81: NGỌC | C81: 15 | D81: 6750000 | E81: 29846.25 | F81: -655093.4 | G81: =D81+Table8414194101324273239434853567[[#This Row],[LỢI NHUẬN RÒNG]] -> 6094906.6
A82: S16 | B82: NGỌC | C82: 10 | D82: 2500000 | E82: 1369175.6 | F82: 1034471.6 | G82: =D82+Table8414194101324273239434853567[[#This Row],[LỢI NHUẬN RÒNG]] -> 3534471.6
A83: S17 | B83: NGỌC | C83: 10 | D83: 1100000 | E83: 1123431 | F83: 751442.91 | G83: =D83+Table8414194101324273239434853567[[#This Row],[LỢI NHUẬN RÒNG]] -> 1851442.9
A84: S4 | B84: TÙNG | C84: 10 | D84: 5300000 | E84: 1679339.2 | F84: 831518.96 | G84: =D84+Table8414194101324273239434853567[[#This Row],[LỢI NHUẬN RÒNG]] -> 6131519
A85: S13 | B85: TÙNG | C85: 15 | D85: 9150000 | E85: 1622441.1 | F85: 544765.41 | G85: =D85+Table8414194101324273239434853567[[#This Row],[LỢI NHUẬN RÒNG]] -> 9694765.4
A86: S14 | B86: TÙNG | C86: 10 | D86: 3080000 | E86: 1303588.4 | F86: 878464.53 | G86: =D86+Table8414194101324273239434853567[[#This Row],[LỢI NHUẬN RÒNG]] -> 3958464.5
A87: S18 | B87: KIÊN | C87: 40 | D87: 24000000 | E87: 3778788 | F87: 457736.05 | G87: =D87+Table8414194101324273239434853567[[#This Row],[LỢI NHUẬN RÒNG]] -> 24457736
A88: S18 | B88: HẰNG | C88: 30 | D88: 18000000 | E88: 2834091 | F88: 343302.04 | G88: =D88+Table8414194101324273239434853567[[#This Row],[LỢI NHUẬN RÒNG]] -> 18343302
A89: S18 | B89: HUY | C89: 5 | D89: 3000000 | E89: 472348.5 | F89: 57217.006 | G89: =D89+Table8414194101324273239434853567[[#This Row],[LỢI NHUẬN RÒNG]] -> 3057217
A90: S18 | B90: MẠNH | C90: 10 | D90: 6000000 | E90: 944697 | F90: 114434.01 | G90: =D90+Table8414194101324273239434853567[[#This Row],[LỢI NHUẬN RÒNG]] -> 6114434
... A205: S29 | B205: HOÀNG ANH | C205: 5 | D205: 500000 | E205: 195317.8 | F205: 70417.443 | G205: =D205+Table8414194101324273239434853567[[#This Row],[LỢI NHUẬN RÒNG]] -> 570417.44
A206: S28 | B206: CHUNG | C206: 10 | D206: 3600000 | E206: 1173385.9 | F206: 547630.38 | G206: =Table8414194101324273239434853567[[#This Row],[VỐN CP]]+Table8414194101324273239434853567[[#This Row],[LỢI NHUẬN RÒNG]] -> 4147630.4
A207: S28 | B207: HẰNG | C207: 25 | D207: 9000000 | E207: 2933464.8 | F207: 1369076 | G207: =Table8414194101324273239434853567[[#This Row],[VỐN CP]]+Table8414194101324273239434853567[[#This Row],[LỢI NHUẬN RÒNG]] -> 10369076
A208: S28 | B208: TÙNG | C208: 10 | D208: 3600000 | E208: 1173385.9 | F208: 547630.38 | G208: =Table8414194101324273239434853567[[#This Row],[VỐN CP]]+Table8414194101324273239434853567[[#This Row],[LỢI NHUẬN RÒNG]] -> 4147630.4
A209: S28 | B209: NGỌC | C209: 5 | D209: 1800000 | E209: 586692.95 | F209: 273815.19 | G209: =Table8414194101324273239434853567[[#This Row],[VỐN CP]]+Table8414194101324273239434853567[[#This Row],[LỢI NHUẬN RÒNG]] -> 2073815.2
A210: S28 | B210: ĐẠT | C210: 5 | D210: 1800000 | E210: 586692.95 | F210: 273815.19 | G210: =Table8414194101324273239434853567[[#This Row],[VỐN CP]]+Table8414194101324273239434853567[[#This Row],[LỢI NHUẬN RÒNG]] -> 2073815.2
A211: S28 | B211: HÀO | C211: 20 | D211: 7200000 | E211: 2346771.8 | F211: 1095260.8 | G211: =Table8414194101324273239434853567[[#This Row],[VỐN CP]]+Table8414194101324273239434853567[[#This Row],[LỢI NHUẬN RÒNG]] -> 8295260.8
A212: S28 | B212: Đ.THẮNG | C212: 10 | D212: 3600000 | E212: 1173385.9 | F212: 547630.38 | G212: =Table8414194101324273239434853567[[#This Row],[VỐN CP]]+Table8414194101324273239434853567[[#This Row],[LỢI NHUẬN RÒNG]] -> 4147630.4
A213: S28 | B213: NỤ | C213: 5 | D213: 1800000 | E213: 586692.95 | F213: 273815.19 | G213: =Table8414194101324273239434853567[[#This Row],[VỐN CP]]+Table8414194101324273239434853567[[#This Row],[LỢI NHUẬN RÒNG]] -> 2073815.2
A214: S28 | B214: LÂM | C214: 10 | D214: 3600000 | E214: 1173385.9 | F214: 547630.38 | G214: =Table8414194101324273239434853567[[#This Row],[VỐN CP]]+Table8414194101324273239434853567[[#This Row],[LỢI NHUẬN RÒNG]] -> 4147630.4
A215: S30 | B215: CHUNG | C215: 10 | D215: 6200000 | E215: 1128871.2 | F215: 457834.1 | G215: =Table8414194101324273239434853567[[#This Row],[VỐN CP]]+Table8414194101324273239434853567[[#This Row],[LỢI NHUẬN RÒNG]] -> 6657834.1
...

Sheet Tháng 2 nhà G 
A1: BẢNG CHIA CỔ PHẦN THÁNG 2.26 NHÀ G
A2: MÃ TOÀ | B2: CỔ ĐÔNG | C2: TỈ LỆ % | D2: VỐN CP | E2: LỢI NHUẬN GỘP | F2: LỢI NHUẬN RÒNG | G2: TỔNG NHẬN | H2: Column1 | K2: CỔ ĐÔNG | L2: VỐN CP | M2: LỢI NHUẬN GỘP | N2: LỢI NHUẬN RÒNG | O2: TỔNG NHẬN
A3: G1 | B3: CHUNG | C3: 10 | D3: 4800000 | E3: 1627802.2 | F3: 516357.65 | G3: =D3+Table841419410132427323943485356711[[#This Row],[LỢI NHUẬN RÒNG]] -> 5316357.7 | K3: A ĐIỆP | L3: =SUMIF(Table841419410132427323943485356711[CỔ ĐÔNG],K3,Table841419410132427323943485356711[VỐN CP]) -> 2400000 | M3: =SUMIF(Table841419410132427323943485356711[CỔ ĐÔNG],K3,Table841419410132427323943485356711[LỢI NHUẬN GỘP]) -> 813901.1 | N3: =SUMIF(Table841419410132427323943485356711[CỔ ĐÔNG],K3,Table841419410132427323943485356711[LỢI NHUẬN RÒNG]) -> 258178.83 | O3: =SUMIF(Table841419410132427323943485356711[CỔ ĐÔNG],K3,Table841419410132427323943485356711[TỔNG NHẬN]) -> 2658178.8
A4: G1 | B4: HẰNG | C4: 20 | D4: 9600000 | E4: 3255604.4 | F4: 1032715.3 | G4: =D4+Table841419410132427323943485356711[[#This Row],[LỢI NHUẬN RÒNG]] -> 10632715 | K4: CHUNG | L4: =SUMIF(Table841419410132427323943485356711[CỔ ĐÔNG],K4,Table841419410132427323943485356711[VỐN CP]) -> 4800000 | M4: =SUMIF(Table841419410132427323943485356711[CỔ ĐÔNG],K4,Table841419410132427323943485356711[LỢI NHUẬN GỘP]) -> 1627802.2 | N4: =SUMIF(Table841419410132427323943485356711[CỔ ĐÔNG],K4,Table841419410132427323943485356711[LỢI NHUẬN RÒNG]) -> 516357.65 | O4: =SUMIF(Table841419410132427323943485356711[CỔ ĐÔNG],Table951520511142528334044495457812[[#This Row],[CỔ ĐÔNG]],Table841419410132427323943485356711[TỔNG NHẬN]) -> 5316357.7
A5: G1 | B5: TÙNG | C5: 15 | D5: 7200000 | E5: 2441703.3 | F5: 774536.48 | G5: =D5+Table841419410132427323943485356711[[#This Row],[LỢI NHUẬN RÒNG]] -> 7974536.5 | K5: Đ.THẮNG | L5: =SUMIF(Table841419410132427323943485356711[CỔ ĐÔNG],K5,Table841419410132427323943485356711[VỐN CP]) -> 0 | M5: =SUMIF(Table841419410132427323943485356711[CỔ ĐÔNG],K5,Table841419410132427323943485356711[LỢI NHUẬN GỘP]) -> 0 | N5: =SUMIF(Table841419410132427323943485356711[CỔ ĐÔNG],K5,Table841419410132427323943485356711[LỢI NHUẬN RÒNG]) -> 0 | O5: =SUMIF(Table841419410132427323943485356711[CỔ ĐÔNG],Table951520511142528334044495457812[[#This Row],[CỔ ĐÔNG]],Table841419410132427323943485356711[TỔNG NHẬN]) -> 0
A6: G1 | B6: NGỌC | C6: 5 | D6: 2400000 | E6: 813901.1 | F6: 258178.83 | G6: =D6+Table841419410132427323943485356711[[#This Row],[LỢI NHUẬN RÒNG]] -> 2658178.8 | K6: ĐẠT | L6: =SUMIF(Table841419410132427323943485356711[CỔ ĐÔNG],K6,Table841419410132427323943485356711[VỐN CP]) -> 0 | M6: =SUMIF(Table841419410132427323943485356711[CỔ ĐÔNG],K6,Table841419410132427323943485356711[LỢI NHUẬN GỘP]) -> 0 | N6: =SUMIF(Table841419410132427323943485356711[CỔ ĐÔNG],K6,Table841419410132427323943485356711[LỢI NHUẬN RÒNG]) -> 0 | O6: =SUMIF(Table841419410132427323943485356711[CỔ ĐÔNG],K6,Table841419410132427323943485356711[TỔNG NHẬN]) -> 0
A7: G1 | B7: MẠNH | C7: 15 | D7: 7200000 | E7: 2441703.3 | F7: 774536.48 | G7: =D7+Table841419410132427323943485356711[[#This Row],[LỢI NHUẬN RÒNG]] -> 7974536.5 | K7: DT | L7: =SUMIF(Table841419410132427323943485356711[CỔ ĐÔNG],K7,Table841419410132427323943485356711[VỐN CP]) -> 0 | M7: =SUMIF(Table841419410132427323943485356711[CỔ ĐÔNG],K7,Table841419410132427323943485356711[LỢI NHUẬN GỘP]) -> 0 | N7: =SUMIF(Table841419410132427323943485356711[CỔ ĐÔNG],K7,Table841419410132427323943485356711[LỢI NHUẬN RÒNG]) -> 0 | O7: =SUMIF(Table841419410132427323943485356711[CỔ ĐÔNG],Table951520511142528334044495457812[[#This Row],[CỔ ĐÔNG]],Table841419410132427323943485356711[TỔNG NHẬN]) -> 0
A8: G1 | B8: HÀO | C8: 10 | D8: 4800000 | E8: 1627802.2 | F8: 516357.65 | G8: =D8+Table841419410132427323943485356711[[#This Row],[LỢI NHUẬN RÒNG]] -> 5316357.7 | K8: HẰNG | L8: =SUMIF(Table841419410132427323943485356711[CỔ ĐÔNG],K8,Table841419410132427323943485356711[VỐN CP]) -> 9600000 | M8: =SUMIF(Table841419410132427323943485356711[CỔ ĐÔNG],K8,Table841419410132427323943485356711[LỢI NHUẬN GỘP]) -> 3255604.4 | N8: =SUMIF(Table841419410132427323943485356711[CỔ ĐÔNG],K8,Table841419410132427323943485356711[LỢI NHUẬN RÒNG]) -> 1032715.3 | O8: =SUMIF(Table841419410132427323943485356711[CỔ ĐÔNG],Table951520511142528334044495457812[[#This Row],[CỔ ĐÔNG]],Table841419410132427323943485356711[TỔNG NHẬN]) -> 17545465
A9: G1 | B9: A ĐIỆP | C9: 5 | D9: 2400000 | E9: 813901.1 | F9: 258178.83 | G9: =D9+Table841419410132427323943485356711[[#This Row],[LỢI NHUẬN RÒNG]] -> 2658178.8 | K9: HÀO | L9: =SUMIF(Table841419410132427323943485356711[CỔ ĐÔNG],K9,Table841419410132427323943485356711[VỐN CP]) -> 4800000 | M9: =SUMIF(Table841419410132427323943485356711[CỔ ĐÔNG],K9,Table841419410132427323943485356711[LỢI NHUẬN GỘP]) -> 1627802.2 | N9: =SUMIF(Table841419410132427323943485356711[CỔ ĐÔNG],K9,Table841419410132427323943485356711[LỢI NHUẬN RÒNG]) -> 516357.65 | O9: =SUMIF(Table841419410132427323943485356711[CỔ ĐÔNG],Table951520511142528334044495457812[[#This Row],[CỔ ĐÔNG]],Table841419410132427323943485356711[TỔNG NHẬN]) -> 12229107
A10: G1 | B10: LÂM | C10: 10 | D10: 4800000 | E10: 1627802.2 | F10: 516357.65 | G10: =D10+Table841419410132427323943485356711[[#This Row],[LỢI NHUẬN RÒNG]] -> 5316357.7 | K10: HUY | L10: =SUMIF(Table841419410132427323943485356711[CỔ ĐÔNG],K10,Table841419410132427323943485356711[VỐN CP]) -> 0 | M10: =SUMIF(Table841419410132427323943485356711[CỔ ĐÔNG],K10,Table841419410132427323943485356711[LỢI NHUẬN GỘP]) -> 0 | N10: =SUMIF(Table841419410132427323943485356711[CỔ ĐÔNG],K10,Table841419410132427323943485356711[LỢI NHUẬN RÒNG]) -> 0 | O10: =SUMIF(Table841419410132427323943485356711[CỔ ĐÔNG],Table951520511142528334044495457812[[#This Row],[CỔ ĐÔNG]],Table841419410132427323943485356711[TỔNG NHẬN]) -> 0
A11: G1 | B11: HUY ANH | C11: 10 | D11: 4800000 | E11: 1627802.2 | F11: 516357.65 | G11: =D11+Table841419410132427323943485356711[[#This Row],[LỢI NHUẬN RÒNG]] -> 5316357.7 | K11: HUY ANH | L11: =SUMIF(Table841419410132427323943485356711[CỔ ĐÔNG],K11,Table841419410132427323943485356711[VỐN CP]) -> 4800000 | M11: =SUMIF(Table841419410132427323943485356711[CỔ ĐÔNG],K11,Table841419410132427323943485356711[LỢI NHUẬN GỘP]) -> 1627802.2 | N11: =SUMIF(Table841419410132427323943485356711[CỔ ĐÔNG],K11,Table841419410132427323943485356711[LỢI NHUẬN RÒNG]) -> 516357.65 | O11: =SUMIF(Table841419410132427323943485356711[CỔ ĐÔNG],Table951520511142528334044495457812[[#This Row],[CỔ ĐÔNG]],Table841419410132427323943485356711[TỔNG NHẬN]) -> 12229107
A12: G2 | B12: HẰNG | C12: 15 | G12: 6912749.3 | K12: KIÊN | L12: =SUMIF(Table841419410132427323943485356711[CỔ ĐÔNG],K12,Table841419410132427323943485356711[VỐN CP]) -> 0 | M12: =SUMIF(Table841419410132427323943485356711[CỔ ĐÔNG],K12,Table841419410132427323943485356711[LỢI NHUẬN GỘP]) -> 0 | N12: =SUMIF(Table841419410132427323943485356711[CỔ ĐÔNG],K12,Table841419410132427323943485356711[LỢI NHUẬN RÒNG]) -> 0 | O12: =SUMIF(Table841419410132427323943485356711[CỔ ĐÔNG],Table951520511142528334044495457812[[#This Row],[CỔ ĐÔNG]],Table841419410132427323943485356711[TỔNG NHẬN]) -> 0
A13: G2 | B13: TÙNG | C13: 15 | G13: 6912749.3 | K13: LUẬN | L13: =SUMIF(Table841419410132427323943485356711[CỔ ĐÔNG],K13,Table841419410132427323943485356711[VỐN CP]) -> 0 | M13: =SUMIF(Table841419410132427323943485356711[CỔ ĐÔNG],K13,Table841419410132427323943485356711[LỢI NHUẬN GỘP]) -> 0 | N13: =SUMIF(Table841419410132427323943485356711[CỔ ĐÔNG],K13,Table841419410132427323943485356711[LỢI NHUẬN RÒNG]) -> 0 | O13: =SUMIF(Table841419410132427323943485356711[CỔ ĐÔNG],Table951520511142528334044495457812[[#This Row],[CỔ ĐÔNG]],Table841419410132427323943485356711[TỔNG NHẬN]) -> 4608499.6
A14: G2 | B14: NGỌC | C14: 5 | G14: 2304249.8 | K14: MẠNH | L14: =SUMIF(Table841419410132427323943485356711[CỔ ĐÔNG],K14,Table841419410132427323943485356711[VỐN CP]) -> 7200000 | M14: =SUMIF(Table841419410132427323943485356711[CỔ ĐÔNG],K14,Table841419410132427323943485356711[LỢI NHUẬN GỘP]) -> 2441703.3 | N14: =SUMIF(Table841419410132427323943485356711[CỔ ĐÔNG],K14,Table841419410132427323943485356711[LỢI NHUẬN RÒNG]) -> 774536.48 | O14: =SUMIF(Table841419410132427323943485356711[CỔ ĐÔNG],Table951520511142528334044495457812[[#This Row],[CỔ ĐÔNG]],Table841419410132427323943485356711[TỔNG NHẬN]) -> 14887286
A15: G2 | B15: MẠNH | C15: 15 | G15: 6912749.3 | K15: NGỌC | L15: =SUMIF(Table841419410132427323943485356711[CỔ ĐÔNG],K15,Table841419410132427323943485356711[VỐN CP]) -> 2400000 | M15: =SUMIF(Table841419410132427323943485356711[CỔ ĐÔNG],K15,Table841419410132427323943485356711[LỢI NHUẬN GỘP]) -> 813901.1 | N15: =SUMIF(Table841419410132427323943485356711[CỔ ĐÔNG],K15,Table841419410132427323943485356711[LỢI NHUẬN RÒNG]) -> 258178.83 | O15: =SUMIF(Table841419410132427323943485356711[CỔ ĐÔNG],Table951520511142528334044495457812[[#This Row],[CỔ ĐÔNG]],Table841419410132427323943485356711[TỔNG NHẬN]) -> 4962428.6
A16: G2 | B16: HÀO | C16: 15 | G16: 6912749.3 | K16: NỤ | L16: =SUMIF(Table841419410132427323943485356711[CỔ ĐÔNG],K16,Table841419410132427323943485356711[VỐN CP]) -> 0 | M16: =SUMIF(Table841419410132427323943485356711[CỔ ĐÔNG],K16,Table841419410132427323943485356711[LỢI NHUẬN GỘP]) -> 0 | N16: =SUMIF(Table841419410132427323943485356711[CỔ ĐÔNG],K16,Table841419410132427323943485356711[LỢI NHUẬN RÒNG]) -> 0 | O16: =SUMIF(Table841419410132427323943485356711[CỔ ĐÔNG],Table951520511142528334044495457812[[#This Row],[CỔ ĐÔNG]],Table841419410132427323943485356711[TỔNG NHẬN]) -> 0
A17: G2 | B17: LUẬN | C17: 10 | G17: 4608499.6 | K17: TÙNG | L17: =SUMIF(Table841419410132427323943485356711[CỔ ĐÔNG],K17,Table841419410132427323943485356711[VỐN CP]) -> 7200000 | M17: =SUMIF(Table841419410132427323943485356711[CỔ ĐÔNG],K17,Table841419410132427323943485356711[LỢI NHUẬN GỘP]) -> 2441703.3 | N17: =SUMIF(Table841419410132427323943485356711[CỔ ĐÔNG],K17,Table841419410132427323943485356711[LỢI NHUẬN RÒNG]) -> 774536.48 | O17: =SUMIF(Table841419410132427323943485356711[CỔ ĐÔNG],Table951520511142528334044495457812[[#This Row],[CỔ ĐÔNG]],Table841419410132427323943485356711[TỔNG NHẬN]) -> 14887286
A18: G2 | B18: LÂM | C18: 10 | G18: 4608499.6 | K18: CƯỜNG | L18: =SUMIF(Table841419410132427323943485356711[CỔ ĐÔNG],K18,Table841419410132427323943485356711[VỐN CP]) -> 0 | M18: =SUMIF(Table841419410132427323943485356711[CỔ ĐÔNG],K18,Table841419410132427323943485356711[LỢI NHUẬN GỘP]) -> 0 | N18: =SUMIF(Table841419410132427323943485356711[CỔ ĐÔNG],K18,Table841419410132427323943485356711[LỢI NHUẬN RÒNG]) -> 0 | O18: =SUMIF(Table841419410132427323943485356711[CỔ ĐÔNG],Table951520511142528334044495457812[[#This Row],[CỔ ĐÔNG]],Table841419410132427323943485356711[TỔNG NHẬN]) -> 0
A19: G2 | B19: HUY ANH | C19: 15 | G19: 6912749.3 | K19: HƯƠNG ANH | L19: =SUMIF(Table841419410132427323943485356711[CỔ ĐÔNG],K19,Table841419410132427323943485356711[VỐN CP]) -> 0 | M19: =SUMIF(Table841419410132427323943485356711[CỔ ĐÔNG],K19,Table841419410132427323943485356711[LỢI NHUẬN GỘP]) -> 0 | N19: =SUMIF(Table841419410132427323943485356711[CỔ ĐÔNG],K19,Table841419410132427323943485356711[LỢI NHUẬN RÒNG]) -> 0 | O19: =SUMIF(Table841419410132427323943485356711[CỔ ĐÔNG],Table951520511142528334044495457812[[#This Row],[CỔ ĐÔNG]],Table841419410132427323943485356711[TỔNG NHẬN]) -> 0
G20: =D20+Table841419410132427323943485356711[[#This Row],[LỢI NHUẬN RÒNG]] -> 0 | K20: HOÀNG ANH | L20: =SUMIF(Table841419410132427323943485356711[CỔ ĐÔNG],K20,Table841419410132427323943485356711[VỐN CP]) -> 0 | M20: =SUMIF(Table841419410132427323943485356711[CỔ ĐÔNG],K20,Table841419410132427323943485356711[LỢI NHUẬN GỘP]) -> 0 | N20: =SUMIF(Table841419410132427323943485356711[CỔ ĐÔNG],K20,Table841419410132427323943485356711[LỢI NHUẬN RÒNG]) -> 0 | O20: =SUMIF(Table841419410132427323943485356711[CỔ ĐÔNG],Table951520511142528334044495457812[[#This Row],[CỔ ĐÔNG]],Table841419410132427323943485356711[TỔNG NHẬN]) -> 0
G21: =D21+Table841419410132427323943485356711[[#This Row],[LỢI NHUẬN RÒNG]] -> 0 | K21: LÂM | L21: =SUMIF(Table841419410132427323943485356711[CỔ ĐÔNG],K21,Table841419410132427323943485356711[VỐN CP]) -> 4800000 | M21: =SUMIF(Table841419410132427323943485356711[CỔ ĐÔNG],K21,Table841419410132427323943485356711[LỢI NHUẬN GỘP]) -> 1627802.2 | N21: =SUMIF(Table841419410132427323943485356711[CỔ ĐÔNG],K21,Table841419410132427323943485356711[LỢI NHUẬN RÒNG]) -> 516357.65 | O21: =SUMIF(Table841419410132427323943485356711[CỔ ĐÔNG],Table951520511142528334044495457812[[#This Row],[CỔ ĐÔNG]],Table841419410132427323943485356711[TỔNG NHẬN]) -> 9924857.2
G22: =D22+Table841419410132427323943485356711[[#This Row],[LỢI NHUẬN RÒNG]] -> 0 | K22: LINH | L22: =SUMIF(Table841419410132427323943485356711[CỔ ĐÔNG],K22,Table841419410132427323943485356711[VỐN CP]) -> 0 | M22: =SUMIF(Table841419410132427323943485356711[CỔ ĐÔNG],K22,Table841419410132427323943485356711[LỢI NHUẬN GỘP]) -> 0 | N22: =SUMIF(Table841419410132427323943485356711[CỔ ĐÔNG],K22,Table841419410132427323943485356711[LỢI NHUẬN RÒNG]) -> 0 | O22: =SUMIF(Table841419410132427323943485356711[CỔ ĐÔNG],Table951520511142528334044495457812[[#This Row],[CỔ ĐÔNG]],Table841419410132427323943485356711[TỔNG NHẬN]) -> 0
G23: =D23+Table841419410132427323943485356711[[#This Row],[LỢI NHUẬN RÒNG]] -> 0 | K23: HUYỀN | L23: =SUMIF(Table841419410132427323943485356711[CỔ ĐÔNG],K23,Table841419410132427323943485356711[VỐN CP]) -> 0 | M23: =SUMIF(Table841419410132427323943485356711[CỔ ĐÔNG],K23,Table841419410132427323943485356711[LỢI NHUẬN GỘP]) -> 0 | N23: =SUMIF(Table841419410132427323943485356711[CỔ ĐÔNG],K23,Table841419410132427323943485356711[LỢI NHUẬN RÒNG]) -> 0 | O23: =SUMIF(Table841419410132427323943485356711[CỔ ĐÔNG],Table951520511142528334044495457812[[#This Row],[CỔ ĐÔNG]],Table841419410132427323943485356711[TỔNG NHẬN]) -> 0
G24: =D24+Table841419410132427323943485356711[[#This Row],[LỢI NHUẬN RÒNG]] -> 0 | K24: ƯỚC | L24: =SUMIF(Table841419410132427323943485356711[CỔ ĐÔNG],K24,Table841419410132427323943485356711[VỐN CP]) -> 0 | M24: =SUMIF(Table841419410132427323943485356711[CỔ ĐÔNG],K24,Table841419410132427323943485356711[LỢI NHUẬN GỘP]) -> 0 | N24: =SUMIF(Table841419410132427323943485356711[CỔ ĐÔNG],K24,Table841419410132427323943485356711[LỢI NHUẬN RÒNG]) -> 0 | O24: =SUMIF(Table841419410132427323943485356711[CỔ ĐÔNG],Table951520511142528334044495457812[[#This Row],[CỔ ĐÔNG]],Table841419410132427323943485356711[TỔNG NHẬN]) -> 0
G25: =D25+Table841419410132427323943485356711[[#This Row],[LỢI NHUẬN RÒNG]] -> 0 | K25: TỔNG | L25: =SUM(L2:L24) -> 48000000 | M25: =SUM(M2:M24) -> 16278022 | N25: =SUM(N2:N24) -> 5163576.5 | O25: =SUM(O2:O24) -> 99248572
G26: =D26+Table841419410132427323943485356711[[#This Row],[LỢI NHUẬN RÒNG]] -> 0
G27: =D27+Table841419410132427323943485356711[[#This Row],[LỢI NHUẬN RÒNG]] -> 0
G28: =D28+Table841419410132427323943485356711[[#This Row],[LỢI NHUẬN RÒNG]] -> 0
G29: =D29+Table841419410132427323943485356711[[#This Row],[LỢI NHUẬN RÒNG]] -> 0
G30: =D30+Table841419410132427323943485356711[[#This Row],[LỢI NHUẬN RÒNG]] -> 0
G31: =D31+Table841419410132427323943485356711[[#This Row],[LỢI NHUẬN RÒNG]] -> 0
G32: =D32+Table841419410132427323943485356711[[#This Row],[LỢI NHUẬN RÒNG]] -> 0
G33: =D33+Table841419410132427323943485356711[[#This Row],[LỢI NHUẬN RÒNG]] -> 0
G35: =D35+Table841419410132427323943485356711[[#This Row],[LỢI NHUẬN RÒNG]] -> 0
G36: =D36+Table841419410132427323943485356711[[#This Row],[LỢI NHUẬN RÒNG]] -> 0
G37: =D37+Table841419410132427323943485356711[[#This Row],[LỢI NHUẬN RÒNG]] -> 0
G38: =D38+Table841419410132427323943485356711[[#This Row],[LỢI NHUẬN RÒNG]] -> 0
... G205: =D205+Table841419410132427323943485356711[[#This Row],[LỢI NHUẬN RÒNG]] -> 0
G206: =Table841419410132427323943485356711[[#This Row],[VỐN CP]]+Table841419410132427323943485356711[[#This Row],[LỢI NHUẬN RÒNG]] -> 0
G207: =Table841419410132427323943485356711[[#This Row],[VỐN CP]]+Table841419410132427323943485356711[[#This Row],[LỢI NHUẬN RÒNG]] -> 0
G208: =Table841419410132427323943485356711[[#This Row],[VỐN CP]]+Table841419410132427323943485356711[[#This Row],[LỢI NHUẬN RÒNG]] -> 0
G209: =Table841419410132427323943485356711[[#This Row],[VỐN CP]]+Table841419410132427323943485356711[[#This Row],[LỢI NHUẬN RÒNG]] -> 0
G210: =Table841419410132427323943485356711[[#This Row],[VỐN CP]]+Table841419410132427323943485356711[[#This Row],[LỢI NHUẬN RÒNG]] -> 0
G211: =Table841419410132427323943485356711[[#This Row],[VỐN CP]]+Table841419410132427323943485356711[[#This Row],[LỢI NHUẬN RÒNG]] -> 0
G212: =Table841419410132427323943485356711[[#This Row],[VỐN CP]]+Table841419410132427323943485356711[[#This Row],[LỢI NHUẬN RÒNG]] -> 0
G213: =Table841419410132427323943485356711[[#This Row],[VỐN CP]]+Table841419410132427323943485356711[[#This Row],[LỢI NHUẬN RÒNG]] -> 0
G214: =Table841419410132427323943485356711[[#This Row],[VỐN CP]]+Table841419410132427323943485356711[[#This Row],[LỢI NHUẬN RÒNG]] -> 0
G215: =Table841419410132427323943485356711[[#This Row],[VỐN CP]]+Table841419410132427323943485356711[[#This Row],[LỢI NHUẬN RÒNG]] -> 0
G216: =Table841419410132427323943485356711[[#This Row],[VỐN CP]]+Table841419410132427323943485356711[[#This Row],[LỢI NHUẬN RÒNG]] -> 0
G217: =Table841419410132427323943485356711[[#This Row],[VỐN CP]]+Table841419410132427323943485356711[[#This Row],[LỢI NHUẬN RÒNG]] -> 0
... G420: =Table841419410132427323943485356711[[#This Row],[VỐN CP]]+Table841419410132427323943485356711[[#This Row],[LỢI NHUẬN RÒNG]] -> 0
D421: =SUBTOTAL(109,Table841419410132427323943485356711[VỐN CP]) -> 2400000 | E421: =SUBTOTAL(109,Table841419410132427323943485356711[LỢI NHUẬN GỘP]) -> 813901.1 | F421: =SUBTOTAL(109,Table841419410132427323943485356711[LỢI NHUẬN RÒNG]) -> 258178.83 | G421: =SUBTOTAL(109,Table841419410132427323943485356711[TỔNG NHẬN]) -> 4962428.6

Sheet LNR THÁNG  2 
A1: BẢNG LỢI NHUÂN RÒNG THÁNG 2
A2: CỔ ĐÔNG | B2: VỐN CP | C2: LỢI NHUẬN GỘP | D2: LỢI NHUẬN RÒNG | E2: TỔNG NHẬN | F2: TỶ LỆ ĐT
A3: A ĐIỆP | B3: =Table9515205111425283340444954578[[#This Row],[VỐN CP]]+Table7312187916233035384247525910[[#This Row],[VỐN CP]]+Table951520511142528334044495457812[[#This Row],[VỐN CP]] -> 72184167 | C3: =Table9515205111425283340444954578[[#This Row],[LỢI NHUẬN GỘP]]+Table7312187916233035384247525910[[#This Row],[LỢI NHUẬN GỘP]]+Table951520511142528334044495457812[[#This Row],[LỢI NHUẬN GỘP]] -> 16453574 | D3: =Table9515205111425283340444954578[[#This Row],[LỢI NHUẬN RÒNG]]+Table7312187916233035384247525910[[#This Row],[LỢI NHUẬN RÒNG]]+Table951520511142528334044495457812[[#This Row],[LỢI NHUẬN RÒNG]] -> 5531663.3 | E3: =Table9515205111425283340444954578[[#This Row],[TỔNG NHẬN]]+Table7312187916233035384247525910[[#This Row],[TỔNG NHẬN]]+Table951520511142528334044495457812[[#This Row],[TỔNG NHẬN]] -> 77715830 | F3: =D3/B3 -> 0.07663264
A4: CHIẾN | B4: =Table7312187916233035384247525910[[#This Row],[VỐN CP]] -> 81893333 | C4: =Table7312187916233035384247525910[[#This Row],[LỢI NHUẬN GỘP]] -> 19091323 | D4: =Table7312187916233035384247525910[[#This Row],[LỢI NHUẬN RÒNG]] -> 8175394.1 | E4: =Table7312187916233035384247525910[[#This Row],[TỔNG NHẬN]] -> 90068727 | F4: =D4/B4 -> 0.099829788
A5: CHUNG | B5: ='Tháng 2 nhà S '!L4+Table7312187916233035384247525910[[#This Row],[VỐN CP]]+'Tháng 2 nhà G '!L4 -> 7.9111083e+08 | C5: ='Tháng 2 nhà S '!M4+Table7312187916233035384247525910[[#This Row],[LỢI NHUẬN GỘP]]+'Tháng 2 nhà G '!M4 -> 2.0887126e+08 | D5: ='Tháng 2 nhà S '!N4+Table7312187916233035384247525910[[#This Row],[LỢI NHUẬN RÒNG]]+'Tháng 2 nhà G '!N4 -> 90192181 | E5: ='Tháng 2 nhà S '!O4+Table7312187916233035384247525910[[#This Row],[TỔNG NHẬN]]+'Tháng 2 nhà G '!O4 -> 8.8146107e+08 | F5: =D5/B5 -> 0.11400701
A6: Đ. THẮNG | B6: ='Tháng 2 nhà S '!L5+Table7312187916233035384247525910[[#This Row],[VỐN CP]]+'Tháng 2 nhà G '!L5 -> 74295000 | C6: ='Tháng 2 nhà S '!M5+Table7312187916233035384247525910[[#This Row],[LỢI NHUẬN GỘP]]+'Tháng 2 nhà G '!M5 -> 16810330 | D6: ='Tháng 2 nhà S '!N5+Table7312187916233035384247525910[[#This Row],[LỢI NHUẬN RÒNG]]+'Tháng 2 nhà G '!N5 -> 6166218.5 | E6: ='Tháng 2 nhà S '!O5+Table7312187916233035384247525910[[#This Row],[TỔNG NHẬN]]+'Tháng 2 nhà G '!O5 -> 80513903 | F6: =D6/B6 -> 0.082996413
A7: ĐẠT | B7: ='Tháng 2 nhà S '!L6+Table7312187916233035384247525910[[#This Row],[VỐN CP]] -> 35213333 | C7: ='Tháng 2 nhà S '!M6+Table7312187916233035384247525910[[#This Row],[LỢI NHUẬN GỘP]] -> 9911175.3 | D7: ='Tháng 2 nhà S '!N6+Table7312187916233035384247525910[[#This Row],[LỢI NHUẬN RÒNG]] -> 4386633.7 | E7: ='Tháng 2 nhà S '!O6+Table7312187916233035384247525910[[#This Row],[TỔNG NHẬN]] -> 39599967 | F7: =D7/B7 -> 0.12457309
A8: DT | B8: ='Tháng 2 nhà S '!L7 -> 6795000 | C8: ='Tháng 2 nhà S '!M7 -> 3212108.5 | D8: ='Tháng 2 nhà S '!N7 -> 2038490.8 | E8: ='Tháng 2 nhà S '!O7 -> 8833490.8 | F8: =D8/B8 -> 0.29999864
A9: HẰNG | B9: ='Tháng 2 nhà S '!L8+'Tháng 2 nhà T '!L8+'Tháng 2 nhà G '!L8 -> 8.1495333e+08 | C9: ='Tháng 2 nhà S '!M8+'Tháng 2 nhà T '!M8+'Tháng 2 nhà G '!M8 -> 2.0411704e+08 | D9: ='Tháng 2 nhà S '!N8+'Tháng 2 nhà T '!N8+'Tháng 2 nhà G '!N8 -> 81864848 | E9: ='Tháng 2 nhà S '!O8+'Tháng 2 nhà T '!O8+'Tháng 2 nhà G '!O8 -> 8.713635e+08 | F9: =D9/B9 -> 0.10045342
A10: HÀO | B10: ='Tháng 2 nhà S '!L9+'Tháng 2 nhà T '!L9+'Tháng 2 nhà G '!L9 -> 4.1893333e+08 | C10: ='Tháng 2 nhà S '!M9+'Tháng 2 nhà T '!M9+'Tháng 2 nhà G '!M9 -> 1.1239783e+08 | D10: ='Tháng 2 nhà S '!N9+'Tháng 2 nhà T '!N9+'Tháng 2 nhà G '!N9 -> 48777003 | E10: ='Tháng 2 nhà S '!O9+'Tháng 2 nhà T '!O9+'Tháng 2 nhà G '!O9 -> 4.7467577e+08 | F10: =D10/B10 -> 0.11643142
A11: HUY | B11: ='Tháng 2 nhà S '!L10+'Tháng 2 nhà T '!L10 -> 51435000 | C11: ='Tháng 2 nhà S '!M10+'Tháng 2 nhà T '!M10 -> 10632358 | D11: ='Tháng 2 nhà S '!N10+'Tháng 2 nhà T '!N10 -> 2759321.9 | E11: ='Tháng 2 nhà S '!O10+'Tháng 2 nhà T '!O10 -> 54194322 | F11: =D11/B11 -> 0.053646776
A12: HUY ANH | B12: ='Tháng 2 nhà S '!L11+'Tháng 2 nhà T '!L16+'Tháng 2 nhà G '!L11 -> 1.0390167e+08 | C12: ='Tháng 2 nhà S '!M11+'Tháng 2 nhà T '!M16+'Tháng 2 nhà G '!M11 -> 26362382 | D12: ='Tháng 2 nhà S '!N11+'Tháng 2 nhà T '!N16+'Tháng 2 nhà G '!N11 -> 10892503 | E12: ='Tháng 2 nhà S '!O11+'Tháng 2 nhà T '!O16+'Tháng 2 nhà G '!O11 -> 1.2170692e+08 | F12: =D12/B12 -> 0.10483473
A13: KIÊN | B13: ='Tháng 2 nhà S '!L12+'Tháng 2 nhà T '!L11+'Tháng 2 nhà G '!L12 -> 4.0571833e+08 | C13: ='Tháng 2 nhà S '!M12+'Tháng 2 nhà T '!M11+'Tháng 2 nhà G '!M12 -> 1.1214517e+08 | D13: ='Tháng 2 nhà S '!N12+'Tháng 2 nhà T '!N11+'Tháng 2 nhà G '!N12 -> 49994244 | E13: ='Tháng 2 nhà S '!O12+'Tháng 2 nhà T '!O11+'Tháng 2 nhà G '!O12 -> 4.5571258e+08 | F13: =D13/B13 -> 0.12322402
A14: LUẬN | B14: ='Tháng 2 nhà S '!L13+'Tháng 2 nhà G '!L13 -> 38973333 | C14: ='Tháng 2 nhà S '!M13+'Tháng 2 nhà G '!M13 -> 11530686 | D14: ='Tháng 2 nhà S '!N13+'Tháng 2 nhà G '!N13 -> 5122350.8 | E14: ='Tháng 2 nhà S '!O13+'Tháng 2 nhà G '!O13 -> 48704184 | F14: =D14/B14 -> 0.1314322
A15: MẠNH | B15: ='Tháng 2 nhà S '!L14+'Tháng 2 nhà T '!L12+'Tháng 2 nhà G '!L14 -> 197410000 | C15: ='Tháng 2 nhà S '!M14+'Tháng 2 nhà T '!M12+'Tháng 2 nhà G '!M14 -> 44418486 | D15: ='Tháng 2 nhà S '!N14+'Tháng 2 nhà T '!N12+'Tháng 2 nhà G '!N14 -> 15280723 | E15: ='Tháng 2 nhà S '!O14+'Tháng 2 nhà T '!O12+'Tháng 2 nhà G '!O14 -> 2.1965616e+08 | F15: =D15/B15 -> 0.077406025
A16: N. THẮNG | B16: ='Tháng 2 nhà T '!L13 -> 8400000 | C16: ='Tháng 2 nhà T '!M13 -> 4187536.4 | D16: ='Tháng 2 nhà T '!N13 -> 2483078.8 | E16: ='Tháng 2 nhà T '!O13 -> 10883079 | F16: =D16/B16 -> 0.29560462
A17: NGỌC | B17: ='Tháng 2 nhà S '!L15+'Tháng 2 nhà T '!L14+'Tháng 2 nhà G '!L15 -> 82218333 | C17: ='Tháng 2 nhà S '!M15+'Tháng 2 nhà T '!M14+'Tháng 2 nhà G '!M15 -> 20678301 | D17: ='Tháng 2 nhà S '!N15+'Tháng 2 nhà T '!N14+'Tháng 2 nhà G '!N15 -> 8776504.9 | E17: ='Tháng 2 nhà S '!O15+'Tháng 2 nhà T '!O14+'Tháng 2 nhà G '!O15 -> 93299088 | F17: =D17/B17 -> 0.10674632
A18: NỤ | B18: ='Tháng 2 nhà S '!L16+'Tháng 2 nhà G '!L16 -> 52721667 | C18: ='Tháng 2 nhà S '!M16+'Tháng 2 nhà G '!M16 -> 13695474 | D18: ='Tháng 2 nhà S '!N16+'Tháng 2 nhà G '!N16 -> 5973345.5 | E18: ='Tháng 2 nhà S '!O16+'Tháng 2 nhà G '!O16 -> 58695012 | F18: =D18/B18 -> 0.11329963
A19: TÙNG | B19: ='Tháng 2 nhà S '!L17+'Tháng 2 nhà T '!L15+'Tháng 2 nhà G '!L17 -> 2.1200833e+08 | C19: ='Tháng 2 nhà S '!M17+'Tháng 2 nhà T '!M15+'Tháng 2 nhà G '!M17 -> 55251146 | D19: ='Tháng 2 nhà S '!N17+'Tháng 2 nhà T '!N15+'Tháng 2 nhà G '!N17 -> 22545930 | E19: ='Tháng 2 nhà S '!O17+'Tháng 2 nhà T '!O15+'Tháng 2 nhà G '!O17 -> 2.415197e+08 | F19: =D19/B19 -> 0.10634454
A20: CƯỜNG | B20: ='Tháng 2 nhà S '!L18 -> 1583333.3 | C20: ='Tháng 2 nhà S '!M18 -> 600199.47 | D20: ='Tháng 2 nhà S '!N18 -> 386246.55 | E20: ='Tháng 2 nhà S '!O18 -> 1969579.9 | F20: =D20/B20 -> 0.24394519
A21: HƯƠNG ANH | B21: ='Tháng 2 nhà S '!L19 -> 2533333.3 | C21: ='Tháng 2 nhà S '!M19 -> 994823.32 | D21: ='Tháng 2 nhà S '!N19 -> 593994.89 | E21: ='Tháng 2 nhà S '!O19 -> 3127328.2 | F21: =D21/B21 -> 0.23447167
A22: HOÀNG ANH | B22: ='Tháng 2 nhà S '!L20 -> 2083333.3 | C22: ='Tháng 2 nhà S '!M20 -> 795517.27 | D22: ='Tháng 2 nhà S '!N20 -> 456663.99 | E22: ='Tháng 2 nhà S '!O20 -> 2539997.3 | F22: =D22/B22 -> 0.21919872
A23: LÂM | B23: ='Tháng 2 nhà S '!L21+'Tháng 2 nhà G '!L21 -> 94268333 | C23: ='Tháng 2 nhà S '!M21+'Tháng 2 nhà G '!M21 -> 22680237 | D23: ='Tháng 2 nhà S '!N21+'Tháng 2 nhà G '!N21 -> 9135652.6 | E23: ='Tháng 2 nhà S '!O21+'Tháng 2 nhà G '!O21 -> 1.0801249e+08 | F23: =D23/B23 -> 0.09691115
A24: LINH | B24: ='Tháng 2 nhà S '!L22 -> 4700000 | C24: ='Tháng 2 nhà S '!M22 -> 1711388 | D24: ='Tháng 2 nhà S '!N22 -> 777886.4 | E24: ='Tháng 2 nhà S '!O22 -> 5477886.4 | F24: =D24/B24 -> 0.16550775
A25: HUYỀN | B25: ='Tháng 2 nhà S '!L23 -> 13700000 | C25: ='Tháng 2 nhà S '!M23 -> 3627918.4 | D25: ='Tháng 2 nhà S '!N23 -> 1344874.9 | E25: ='Tháng 2 nhà S '!O23 -> 15044875 | F25: =D25/B25 -> 0.098166054
A26: ƯỚC | B26: ='Tháng 2 nhà S '!L24 -> 13350000 | C26: ='Tháng 2 nhà S '!M24 -> 3435156.4 | D26: ='Tháng 2 nhà S '!N24 -> 1668172.9 | E26: ='Tháng 2 nhà S '!O24 -> 15018173 | F26: =D26/B26 -> 0.12495677
A27: TỎNG | B27: ='[1]Tháng 9 nhà S '!L25 -> 1.7451667e+09 | C27: =SUBTOTAL(109,C2:C26) -> 9.2361142e+08 | D27: =SUBTOTAL(109,D2:D26) -> 3.8532393e+08 | E27: =SUBTOTAL(109,E2:E26) -> 3.9797936e+09 | F27: =D27/B27 -> 0.22079492

Sheet Tháng 3 nhà S 
A1: BẢNG CHIA CỔ PHẦN THÁNG 3.26 NHÀ S
A2: MÃ TOÀ | B2: CỔ ĐÔNG | C2: TỈ LỆ % | D2: VỐN CP | E2: LỢI NHUẬN GỘP | F2: LỢI NHUẬN RÒNG | G2: TỔNG NHẬN | H2: Column1 | K2: CỔ ĐÔNG | L2: VỐN CP | M2: LỢI NHUẬN GỘP | N2: LỢI NHUẬN RÒNG | O2: TỔNG NHẬN
A3: S1 | B3: CHUNG | C3: 35 | D3: 8400000 | E3: 2718450 | F3: 1263197.6 | G3: =D3+Table841419410132427323943485356714[[#This Row],[LỢI NHUẬN RÒNG]] -> 9663197.6 | K3: A ĐIỆP | L3: =SUMIF(Table841419410132427323943485356714[CỔ ĐÔNG],K3,Table841419410132427323943485356714[VỐN CP]) -> 47388333 | M3: =SUMIF(Table841419410132427323943485356714[CỔ ĐÔNG],K3,Table841419410132427323943485356714[LỢI NHUẬN GỘP]) -> 16040185 | N3: =SUMIF(Table841419410132427323943485356714[CỔ ĐÔNG],K3,Table841419410132427323943485356714[LỢI NHUẬN RÒNG]) -> 9687014.5 | O3: =SUMIF(Table841419410132427323943485356714[CỔ ĐÔNG],K3,Table841419410132427323943485356714[TỔNG NHẬN]) -> 60092381
A4: S2 | B4: CHUNG | C4: 35 | D4: 17850000 | E4: 3738484.4 | F4: 1521238.5 | G4: =D4+Table841419410132427323943485356714[[#This Row],[LỢI NHUẬN RÒNG]] -> 19371238 | K4: CHUNG | L4: =SUMIF(Table841419410132427323943485356714[CỔ ĐÔNG],K4,Table841419410132427323943485356714[VỐN CP]) -> 3.7679e+08 | M4: =SUMIF(Table841419410132427323943485356714[CỔ ĐÔNG],K4,Table841419410132427323943485356714[LỢI NHUẬN GỘP]) -> 1.2047896e+08 | N4: =SUMIF(Table841419410132427323943485356714[CỔ ĐÔNG],K4,Table841419410132427323943485356714[LỢI NHUẬN RÒNG]) -> 69998619 | O4: =SUMIF(Table841419410132427323943485356714[CỔ ĐÔNG],Table951520511142528334044495457815[[#This Row],[CỔ ĐÔNG]],Table841419410132427323943485356714[TỔNG NHẬN]) -> 4.4980565e+08
A5: S3 | B5: CHUNG | C5: 30 | D5: 12800000 | E5: 4404552.7 | F5: 3183031.9 | G5: =D5+Table841419410132427323943485356714[[#This Row],[LỢI NHUẬN RÒNG]] -> 15983032 | K5: Đ.THẮNG | L5: =SUMIF(Table841419410132427323943485356714[CỔ ĐÔNG],K5,Table841419410132427323943485356714[VỐN CP]) -> 63605000 | M5: =SUMIF(Table841419410132427323943485356714[CỔ ĐÔNG],K5,Table841419410132427323943485356714[LỢI NHUẬN GỘP]) -> 23731900 | N5: =SUMIF(Table841419410132427323943485356714[CỔ ĐÔNG],K5,Table841419410132427323943485356714[LỢI NHUẬN RÒNG]) -> 14910441 | O5: =SUMIF(Table841419410132427323943485356714[CỔ ĐÔNG],Table951520511142528334044495457815[[#This Row],[CỔ ĐÔNG]],Table841419410132427323943485356714[TỔNG NHẬN]) -> 78515441
A6: S4 | B6: CHUNG | C6: 30 | D6: 15210000 | E6: 3503862 | F6: 1367300.7 | G6: =D6+Table841419410132427323943485356714[[#This Row],[LỢI NHUẬN RÒNG]] -> 16577301 | K6: ĐẠT | L6: =SUMIF(Table841419410132427323943485356714[CỔ ĐÔNG],K6,Table841419410132427323943485356714[VỐN CP]) -> 27896667 | M6: =SUMIF(Table841419410132427323943485356714[CỔ ĐÔNG],K6,Table841419410132427323943485356714[LỢI NHUẬN GỘP]) -> 12163344 | N6: =SUMIF(Table841419410132427323943485356714[CỔ ĐÔNG],K6,Table841419410132427323943485356714[LỢI NHUẬN RÒNG]) -> 7992990 | O6: =SUMIF(Table841419410132427323943485356714[CỔ ĐÔNG],K6,Table841419410132427323943485356714[TỔNG NHẬN]) -> 37398173
A7: S5 | B7: CHUNG | C7: 40 | D7: 18000000 | E7: 7572840.4 | F7: 5084134.5 | G7: =D7+Table841419410132427323943485356714[[#This Row],[LỢI NHUẬN RÒNG]] -> 23084135 | K7: DT | L7: =SUMIF(Table841419410132427323943485356714[CỔ ĐÔNG],K7,Table841419410132427323943485356714[VỐN CP]) -> 6795000 | M7: =SUMIF(Table841419410132427323943485356714[CỔ ĐÔNG],K7,Table841419410132427323943485356714[LỢI NHUẬN GỘP]) -> 3766333.5 | N7: =SUMIF(Table841419410132427323943485356714[CỔ ĐÔNG],K7,Table841419410132427323943485356714[LỢI NHUẬN RÒNG]) -> 2748451.4 | O7: =SUMIF(Table841419410132427323943485356714[CỔ ĐÔNG],Table951520511142528334044495457815[[#This Row],[CỔ ĐÔNG]],Table841419410132427323943485356714[TỔNG NHẬN]) -> 9543451.4
A8: S6 | B8: CHUNG | C8: 25 | D8: 9500000 | E8: 5304253.8 | F8: 3500855.8 | G8: =D8+Table841419410132427323943485356714[[#This Row],[LỢI NHUẬN RÒNG]] -> 13000856 | K8: HẰNG | L8: =SUMIF(Table841419410132427323943485356714[CỔ ĐÔNG],K8,Table841419410132427323943485356714[VỐN CP]) -> 3.9283667e+08 | M8: =SUMIF(Table841419410132427323943485356714[CỔ ĐÔNG],K8,Table841419410132427323943485356714[LỢI NHUẬN GỘP]) -> 1.2316935e+08 | N8: =SUMIF(Table841419410132427323943485356714[CỔ ĐÔNG],K8,Table841419410132427323943485356714[LỢI NHUẬN RÒNG]) -> 70819008 | O8: =SUMIF(Table841419410132427323943485356714[CỔ ĐÔNG],Table951520511142528334044495457815[[#This Row],[CỔ ĐÔNG]],Table841419410132427323943485356714[TỔNG NHẬN]) -> 4.6667271e+08
A9: S7 | B9: CHUNG | C9: 25 | D9: 9000000 | E9: 3849610 | F9: 2363464.8 | G9: =D9+Table841419410132427323943485356714[[#This Row],[LỢI NHUẬN RÒNG]] -> 11363465 | K9: HÀO | L9: =SUMIF(Table841419410132427323943485356714[CỔ ĐÔNG],K9,Table841419410132427323943485356714[VỐN CP]) -> 3.4690167e+08 | M9: =SUMIF(Table841419410132427323943485356714[CỔ ĐÔNG],K9,Table841419410132427323943485356714[LỢI NHUẬN GỘP]) -> 1.2041721e+08 | N9: =SUMIF(Table841419410132427323943485356714[CỔ ĐÔNG],K9,Table841419410132427323943485356714[LỢI NHUẬN RÒNG]) -> 71788831 | O9: =SUMIF(Table841419410132427323943485356714[CỔ ĐÔNG],Table951520511142528334044495457815[[#This Row],[CỔ ĐÔNG]],Table841419410132427323943485356714[TỔNG NHẬN]) -> 4.2170753e+08
A10: S8 | B10: CHUNG | C10: 25 | D10: 5500000 | E10: 2053280.2 | F10: 1247542.8 | G10: =D10+Table841419410132427323943485356714[[#This Row],[LỢI NHUẬN RÒNG]] -> 6747542.8 | K10: HUY | L10: =SUMIF(Table841419410132427323943485356714[CỔ ĐÔNG],K10,Table841419410132427323943485356714[VỐN CP]) -> 35435000 | M10: =SUMIF(Table841419410132427323943485356714[CỔ ĐÔNG],K10,Table841419410132427323943485356714[LỢI NHUẬN GỘP]) -> 13456327 | N10: =SUMIF(Table841419410132427323943485356714[CỔ ĐÔNG],K10,Table841419410132427323943485356714[LỢI NHUẬN RÒNG]) -> 8432663.3 | O10: =SUMIF(Table841419410132427323943485356714[CỔ ĐÔNG],Table951520511142528334044495457815[[#This Row],[CỔ ĐÔNG]],Table841419410132427323943485356714[TỔNG NHẬN]) -> 43867663
A11: S9 | B11: CHUNG | C11: 20 | D11: 14780000 | E11: 3857488.2 | F11: 2505863.5 | G11: =D11+Table841419410132427323943485356714[[#This Row],[LỢI NHUẬN RÒNG]] -> 17285863 | K11: HUY ANH | L11: =SUMIF(Table841419410132427323943485356714[CỔ ĐÔNG],K11,Table841419410132427323943485356714[VỐN CP]) -> 96943333 | M11: =SUMIF(Table841419410132427323943485356714[CỔ ĐÔNG],K11,Table841419410132427323943485356714[LỢI NHUẬN GỘP]) -> 33107886 | N11: =SUMIF(Table841419410132427323943485356714[CỔ ĐÔNG],K11,Table841419410132427323943485356714[LỢI NHUẬN RÒNG]) -> 19175793 | O11: =SUMIF(Table841419410132427323943485356714[CỔ ĐÔNG],Table951520511142528334044495457815[[#This Row],[CỔ ĐÔNG]],Table841419410132427323943485356714[TỔNG NHẬN]) -> 1.1611913e+08
A12: S10 | B12: CHUNG | C12: 30 | D12: 13830000 | E12: 1991365.5 | F12: 634394.63 | G12: =D12+Table841419410132427323943485356714[[#This Row],[LỢI NHUẬN RÒNG]] -> 14464395 | K12: KIÊN | L12: =SUMIF(Table841419410132427323943485356714[CỔ ĐÔNG],K12,Table841419410132427323943485356714[VỐN CP]) -> 79870000 | M12: =SUMIF(Table841419410132427323943485356714[CỔ ĐÔNG],K12,Table841419410132427323943485356714[LỢI NHUẬN GỘP]) -> 26048952 | N12: =SUMIF(Table841419410132427323943485356714[CỔ ĐÔNG],K12,Table841419410132427323943485356714[LỢI NHUẬN RÒNG]) -> 15845113 | O12: =SUMIF(Table841419410132427323943485356714[CỔ ĐÔNG],Table951520511142528334044495457815[[#This Row],[CỔ ĐÔNG]],Table841419410132427323943485356714[TỔNG NHẬN]) -> 95715113
A13: S11 | B13: CHUNG | C13: 25 | K13: LUẬN | L13: =SUMIF(Table841419410132427323943485356714[CỔ ĐÔNG],K13,Table841419410132427323943485356714[VỐN CP]) -> 38848333 | M13: =SUMIF(Table841419410132427323943485356714[CỔ ĐÔNG],K13,Table841419410132427323943485356714[LỢI NHUẬN GỘP]) -> 15216434 | N13: =SUMIF(Table841419410132427323943485356714[CỔ ĐÔNG],K13,Table841419410132427323943485356714[LỢI NHUẬN RÒNG]) -> 9476016.3 | O13: =SUMIF(Table841419410132427323943485356714[CỔ ĐÔNG],Table951520511142528334044495457815[[#This Row],[CỔ ĐÔNG]],Table841419410132427323943485356714[TỔNG NHẬN]) -> 49832866
A14: S12 | B14: CHUNG | C14: 40 | D14: 20400000 | E14: 2922231.2 | F14: 562044.64 | G14: =D14+Table841419410132427323943485356714[[#This Row],[LỢI NHUẬN RÒNG]] -> 20962045 | K14: MẠNH | L14: =SUMIF(Table841419410132427323943485356714[CỔ ĐÔNG],K14,Table841419410132427323943485356714[VỐN CP]) -> 1.4606667e+08 | M14: =SUMIF(Table841419410132427323943485356714[CỔ ĐÔNG],K14,Table841419410132427323943485356714[LỢI NHUẬN GỘP]) -> 46602819 | N14: =SUMIF(Table841419410132427323943485356714[CỔ ĐÔNG],K14,Table841419410132427323943485356714[LỢI NHUẬN RÒNG]) -> 25464145 | O14: =SUMIF(Table841419410132427323943485356714[CỔ ĐÔNG],Table951520511142528334044495457815[[#This Row],[CỔ ĐÔNG]],Table841419410132427323943485356714[TỔNG NHẬN]) -> 1.7454784e+08
A15: S13 | B15: CHUNG | C15: 15 | D15: 9150000 | E15: 2363771 | F15: 1601118.3 | G15: =D15+Table841419410132427323943485356714[[#This Row],[LỢI NHUẬN RÒNG]] -> 10751118 | K15: NGỌC | L15: =SUMIF(Table841419410132427323943485356714[CỔ ĐÔNG],K15,Table841419410132427323943485356714[VỐN CP]) -> 61608333 | M15: =SUMIF(Table841419410132427323943485356714[CỔ ĐÔNG],K15,Table841419410132427323943485356714[LỢI NHUẬN GỘP]) -> 23562281 | N15: =SUMIF(Table841419410132427323943485356714[CỔ ĐÔNG],K15,Table841419410132427323943485356714[LỢI NHUẬN RÒNG]) -> 14828380 | O15: =SUMIF(Table841419410132427323943485356714[CỔ ĐÔNG],Table951520511142528334044495457815[[#This Row],[CỔ ĐÔNG]],Table841419410132427323943485356714[TỔNG NHẬN]) -> 77945229
A16: S14 | B16: CHUNG | C16: 20 | D16: 6160000 | E16: 2996721.6 | F16: 2388973.9 | G16: =D16+Table841419410132427323943485356714[[#This Row],[LỢI NHUẬN RÒNG]] -> 8548973.9 | K16: NỤ | L16: =SUMIF(Table841419410132427323943485356714[CỔ ĐÔNG],K16,Table841419410132427323943485356714[VỐN CP]) -> 51421667 | M16: =SUMIF(Table841419410132427323943485356714[CỔ ĐÔNG],K16,Table841419410132427323943485356714[LỢI NHUẬN GỘP]) -> 19789201 | N16: =SUMIF(Table841419410132427323943485356714[CỔ ĐÔNG],K16,Table841419410132427323943485356714[LỢI NHUẬN RÒNG]) -> 12390800 | O16: =SUMIF(Table841419410132427323943485356714[CỔ ĐÔNG],Table951520511142528334044495457815[[#This Row],[CỔ ĐÔNG]],Table841419410132427323943485356714[TỔNG NHẬN]) -> 66829499
A17: S15 | B17: CHUNG | C17: 20 | D17: 9000000 | E17: 2537828.4 | F17: 1047912.8 | G17: =D17+Table841419410132427323943485356714[[#This Row],[LỢI NHUẬN RÒNG]] -> 10047913 | K17: TÙNG | L17: =SUMIF(Table841419410132427323943485356714[CỔ ĐÔNG],K17,Table841419410132427323943485356714[VỐN CP]) -> 160675000 | M17: =SUMIF(Table841419410132427323943485356714[CỔ ĐÔNG],K17,Table841419410132427323943485356714[LỢI NHUẬN GỘP]) -> 59383535 | N17: =SUMIF(Table841419410132427323943485356714[CỔ ĐÔNG],K17,Table841419410132427323943485356714[LỢI NHUẬN RÒNG]) -> 37187471 | O17: =SUMIF(Table841419410132427323943485356714[CỔ ĐÔNG],Table951520511142528334044495457815[[#This Row],[CỔ ĐÔNG]],Table841419410132427323943485356714[TỔNG NHẬN]) -> 2.0389654e+08
A18: S16 | B18: CHUNG | C18: 20 | D18: 5000000 | E18: 2028298.1 | F18: 958679.53 | G18: =D18+Table841419410132427323943485356714[[#This Row],[LỢI NHUẬN RÒNG]] -> 5958679.5 | K18: CƯỜNG | L18: =SUMIF(Table841419410132427323943485356714[CỔ ĐÔNG],K18,Table841419410132427323943485356714[VỐN CP]) -> 1583333.3 | M18: =SUMIF(Table841419410132427323943485356714[CỔ ĐÔNG],K18,Table841419410132427323943485356714[LỢI NHUẬN GỘP]) -> 305438.82 | N18: =SUMIF(Table841419410132427323943485356714[CỔ ĐÔNG],K18,Table841419410132427323943485356714[LỢI NHUẬN RÒNG]) -> 158696.55 | O18: =SUMIF(Table841419410132427323943485356714[CỔ ĐÔNG],Table951520511142528334044495457815[[#This Row],[CỔ ĐÔNG]],Table841419410132427323943485356714[TỔNG NHẬN]) -> 1742029.9
A19: S17 | B19: CHUNG | C19: 10 | D19: 1100000 | E19: 781513.5 | F19: 451810.43 | G19: =D19+Table841419410132427323943485356714[[#This Row],[LỢI NHUẬN RÒNG]] -> 1551810.4 | K19: HƯƠNG ANH | L19: =SUMIF(Table841419410132427323943485356714[CỔ ĐÔNG],K19,Table841419410132427323943485356714[VỐN CP]) -> 2533333.3 | M19: =SUMIF(Table841419410132427323943485356714[CỔ ĐÔNG],K19,Table841419410132427323943485356714[LỢI NHUẬN GỘP]) -> 772725.42 | N19: =SUMIF(Table841419410132427323943485356714[CỔ ĐÔNG],K19,Table841419410132427323943485356714[LỢI NHUẬN RÒNG]) -> 471324.82 | O19: =SUMIF(Table841419410132427323943485356714[CỔ ĐÔNG],Table951520511142528334044495457815[[#This Row],[CỔ ĐÔNG]],Table841419410132427323943485356714[TỔNG NHẬN]) -> 3004658.2
A20: S1 | B20: Đ.THẮNG | C20: 10 | D20: 2400000 | E20: 776700 | F20: 360913.6 | G20: =D20+Table841419410132427323943485356714[[#This Row],[LỢI NHUẬN RÒNG]] -> 2760913.6 | K20: HOÀNG ANH | L20: =SUMIF(Table841419410132427323943485356714[CỔ ĐÔNG],K20,Table841419410132427323943485356714[VỐN CP]) -> 2083333.3 | M20: =SUMIF(Table841419410132427323943485356714[CỔ ĐÔNG],K20,Table841419410132427323943485356714[LỢI NHUẬN GỘP]) -> 952511.77 | N20: =SUMIF(Table841419410132427323943485356714[CỔ ĐÔNG],K20,Table841419410132427323943485356714[LỢI NHUẬN RÒNG]) -> 604960.23 | O20: =SUMIF(Table841419410132427323943485356714[CỔ ĐÔNG],Table951520511142528334044495457815[[#This Row],[CỔ ĐÔNG]],Table841419410132427323943485356714[TỔNG NHẬN]) -> 2688293.6
A21: S2 | B21: Đ.THẮNG | C21: 10 | D21: 5100000 | E21: 1068138.4 | F21: 434639.56 | G21: =D21+Table841419410132427323943485356714[[#This Row],[LỢI NHUẬN RÒNG]] -> 5534639.6 | K21: LÂM | L21: =SUMIF(Table841419410132427323943485356714[CỔ ĐÔNG],K21,Table841419410132427323943485356714[VỐN CP]) -> 90518333 | M21: =SUMIF(Table841419410132427323943485356714[CỔ ĐÔNG],K21,Table841419410132427323943485356714[LỢI NHUẬN GỘP]) -> 28732594 | N21: =SUMIF(Table841419410132427323943485356714[CỔ ĐÔNG],K21,Table841419410132427323943485356714[LỢI NHUẬN RÒNG]) -> 16248689 | O21: =SUMIF(Table841419410132427323943485356714[CỔ ĐÔNG],Table951520511142528334044495457815[[#This Row],[CỔ ĐÔNG]],Table841419410132427323943485356714[TỔNG NHẬN]) -> 1.0676702e+08
A22: S3 | B22: Đ.THẮNG | C22: 10 | D22: 4266666.7 | E22: 1468184.2 | F22: 1061010.6 | G22: =D22+Table841419410132427323943485356714[[#This Row],[LỢI NHUẬN RÒNG]] -> 5327677.3 | K22: LINH | L22: =SUMIF(Table841419410132427323943485356714[CỔ ĐÔNG],K22,Table841419410132427323943485356714[VỐN CP]) -> 4700000 | M22: =SUMIF(Table841419410132427323943485356714[CỔ ĐÔNG],K22,Table841419410132427323943485356714[LỢI NHUẬN GỘP]) -> 3336610.5 | N22: =SUMIF(Table841419410132427323943485356714[CỔ ĐÔNG],K22,Table841419410132427323943485356714[LỢI NHUẬN RÒNG]) -> 2250735.1 | O22: =SUMIF(Table841419410132427323943485356714[CỔ ĐÔNG],Table951520511142528334044495457815[[#This Row],[CỔ ĐÔNG]],Table841419410132427323943485356714[TỔNG NHẬN]) -> 6950735.1
A23: S4 | B23: Đ.THẮNG | C23: 10 | D23: 5070000 | E23: 1167954 | F23: 455766.9 | G23: =D23+Table841419410132427323943485356714[[#This Row],[LỢI NHUẬN RÒNG]] -> 5525766.9 | K23: HUYỀN | L23: =SUMIF(Table841419410132427323943485356714[CỔ ĐÔNG],K23,Table841419410132427323943485356714[VỐN CP]) -> 13050000 | M23: =SUMIF(Table841419410132427323943485356714[CỔ ĐÔNG],K23,Table841419410132427323943485356714[LỢI NHUẬN GỘP]) -> 4849802.8 | N23: =SUMIF(Table841419410132427323943485356714[CỔ ĐÔNG],K23,Table841419410132427323943485356714[LỢI NHUẬN RÒNG]) -> 3239575.9 | O23: =SUMIF(Table841419410132427323943485356714[CỔ ĐÔNG],Table951520511142528334044495457815[[#This Row],[CỔ ĐÔNG]],Table841419410132427323943485356714[TỔNG NHẬN]) -> 17798092
A24: S1 | B24: HẰNG | C24: 35 | D24: 8400000 | E24: 2718450 | F24: 1263197.6 | G24: =D24+Table841419410132427323943485356714[[#This Row],[LỢI NHUẬN RÒNG]] -> 9663197.6 | K24: ƯỚC | L24: =SUMIF(Table841419410132427323943485356714[CỔ ĐÔNG],K24,Table841419410132427323943485356714[VỐN CP]) -> 13350000 | M24: =SUMIF(Table841419410132427323943485356714[CỔ ĐÔNG],K24,Table841419410132427323943485356714[LỢI NHUẬN GỘP]) -> 5127476.5 | N24: =SUMIF(Table841419410132427323943485356714[CỔ ĐÔNG],K24,Table841419410132427323943485356714[LỢI NHUẬN RÒNG]) -> 3449913.6 | O24: =SUMIF(Table841419410132427323943485356714[CỔ ĐÔNG],Table951520511142528334044495457815[[#This Row],[CỔ ĐÔNG]],Table841419410132427323943485356714[TỔNG NHẬN]) -> 16799914
A25: S2 | B25: HẰNG | C25: 35 | D25: 17850000 | E25: 3738484.4 | F25: 1521238.5 | G25: =D25+Table841419410132427323943485356714[[#This Row],[LỢI NHUẬN RÒNG]] -> 19371238 | K25: TỔNG | L25: =SUM(L2:L24) -> 2.0609e+09 | M25: =SUM(M2:M24) -> 7.0101188e+08 | N25: =SUM(N2:N24) -> 4.1716963e+08 | O25: =SUM(O2:O24) -> 2.50824e+09
A26: S3 | B26: HẰNG | C26: 30 | D26: 12800000 | E26: 4404552.7 | F26: 3183031.9 | G26: =D26+Table841419410132427323943485356714[[#This Row],[LỢI NHUẬN RÒNG]] -> 15983032
A27: S4 | B27: HẰNG | C27: 30 | D27: 15210000 | E27: 3503862 | F27: 1367300.7 | G27: =D27+Table841419410132427323943485356714[[#This Row],[LỢI NHUẬN RÒNG]] -> 16577301
A28: S5 | B28: HẰNG | C28: 40 | D28: 18000000 | E28: 7572840.4 | F28: 5084134.5 | G28: =D28+Table841419410132427323943485356714[[#This Row],[LỢI NHUẬN RÒNG]] -> 23084135
A29: S6 | B29: HẰNG | C29: 30 | D29: 11400000 | E29: 6365104.6 | F29: 4201027 | G29: =D29+Table841419410132427323943485356714[[#This Row],[LỢI NHUẬN RÒNG]] -> 15601027
A30: S7 | B30: HẰNG | C30: 30 | D30: 10800000 | E30: 4619532 | F30: 2836157.7 | G30: =D30+Table841419410132427323943485356714[[#This Row],[LỢI NHUẬN RÒNG]] -> 13636158
A31: S8 | B31: HẰNG | C31: 20 | D31: 4400000 | E31: 1642624.2 | F31: 998034.2 | G31: =D31+Table841419410132427323943485356714[[#This Row],[LỢI NHUẬN RÒNG]] -> 5398034.2
A32: S9 | B32: HẰNG | C32: 25 | D32: 18475000 | E32: 4821860.2 | F32: 3132329.3 | G32: =D32+Table841419410132427323943485356714[[#This Row],[LỢI NHUẬN RÒNG]] -> 21607329
A33: S10 | B33: HẰNG | C33: 40 | D33: 18440000 | E33: 2655154 | F33: 845860 | G33: =D33+Table841419410132427323943485356714[[#This Row],[LỢI NHUẬN RÒNG]] -> 19285860
A34: S11 | B34: HẰNG | C34: 25
A35: S12 | B35: HẰNG | C35: 50 | D35: 25500000 | E35: 3652789 | F35: 702555.8 | G35: =D35+Table841419410132427323943485356714[[#This Row],[LỢI NHUẬN RÒNG]] -> 26202556
A36: S13 | B36: HẰNG | C36: 20 | D36: 12200000 | E36: 3151694.6 | F36: 2134824.5 | G36: =D36+Table841419410132427323943485356714[[#This Row],[LỢI NHUẬN RÒNG]] -> 14334824
A37: S14 | B37: HẰNG | C37: 10 | D37: 3080000 | E37: 1498360.8 | F37: 1194487 | G37: =D37+Table841419410132427323943485356714[[#This Row],[LỢI NHUẬN RÒNG]] -> 4274487 | L37: =N25+'Tháng 1 nhà T '!N17 -> 6.9443829e+08
A38: S15 | B38: HẰNG | C38: 20 | D38: 9000000 | E38: 2537828.4 | F38: 1047912.8 | G38: =D38+Table841419410132427323943485356714[[#This Row],[LỢI NHUẬN RÒNG]] -> 10047913
A39: S16 | B39: HẰNG | C39: 20 | D39: 5000000 | E39: 2028298.1 | F39: 958679.53 | G39: =D39+Table841419410132427323943485356714[[#This Row],[LỢI NHUẬN RÒNG]] -> 5958679.5
A40: S17 | B40: HẰNG | C40: 10 | D40: 1100000 | E40: 781513.5 | F40: 451810.43 | G40: =D40+Table841419410132427323943485356714[[#This Row],[LỢI NHUẬN RÒNG]] -> 1551810.4
A41: S1 | B41: HÀO | C41: 20 | D41: 4800000 | E41: 1553400 | F41: 721827.19 | G41: =D41+Table841419410132427323943485356714[[#This Row],[LỢI NHUẬN RÒNG]] -> 5521827.2
A42: S2 | B42: HÀO | C42: 10 | D42: 5100000 | E42: 1068138.4 | F42: 434639.56 | G42: =D42+Table841419410132427323943485356714[[#This Row],[LỢI NHUẬN RÒNG]] -> 5534639.6
A43: S4 | B43: HÀO | C43: 10 | D43: 5070000 | E43: 1167954 | F43: 455766.9 | G43: =D43+Table841419410132427323943485356714[[#This Row],[LỢI NHUẬN RÒNG]] -> 5525766.9
A44: S5 | B44: HÀO | C44: 20 | D44: 9000000 | E44: 3786420.2 | F44: 2542067.3 | G44: =D44+Table841419410132427323943485356714[[#This Row],[LỢI NHUẬN RÒNG]] -> 11542067
A45: S6 | B45: HÀO | C45: 15 | D45: 5700000 | E45: 3182552.3 | F45: 2100513.5 | G45: =D45+Table841419410132427323943485356714[[#This Row],[LỢI NHUẬN RÒNG]] -> 7800513.5
A46: S7 | B46: HÀO | C46: 15 | D46: 5400000 | E46: 2309766 | F46: 1418078.9 | G46: =D46+Table841419410132427323943485356714[[#This Row],[LỢI NHUẬN RÒNG]] -> 6818078.9
A47: S8 | B47: HÀO | C47: 15 | D47: 3300000 | E47: 1231968.1 | F47: 748525.65 | G47: =D47+Table841419410132427323943485356714[[#This Row],[LỢI NHUẬN RÒNG]] -> 4048525.7
A48: S9 | B48: HÀO | C48: 15 | D48: 11085000 | E48: 2893116.1 | F48: 1879397.6 | G48: =D48+Table841419410132427323943485356714[[#This Row],[LỢI NHUẬN RÒNG]] -> 12964398
A49: S10 | B49: HÀO | C49: 30 | D49: 13830000 | E49: 1991365.5 | F49: 634394.63 | G49: =D49+Table841419410132427323943485356714[[#This Row],[LỢI NHUẬN RÒNG]] -> 14464395
A50: S11 | B50: HÀO | C50: 30
A51: S13 | B51: HÀO | C51: 30 | D51: 18300000 | E51: 4727541.9 | F51: 3202236.7 | G51: =D51+Table841419410132427323943485356714[[#This Row],[LỢI NHUẬN RÒNG]] -> 21502237
A52: S14 | B52: HÀO | C52: 20 | D52: 6160000 | E52: 2996721.6 | F52: 2388973.9 | G52: =D52+Table841419410132427323943485356714[[#This Row],[LỢI NHUẬN RÒNG]] -> 8548973.9
A53: S15 | B53: HÀO | C53: 30 | D53: 13500000 | E53: 3806742.6 | F53: 1571869.2 | G53: =D53+Table841419410132427323943485356714[[#This Row],[LỢI NHUẬN RÒNG]] -> 15071869
A54: S16 | B54: HÀO | C54: 30 | D54: 7500000 | E54: 3042447.1 | F54: 1438019.3 | G54: =D54+Table841419410132427323943485356714[[#This Row],[LỢI NHUẬN RÒNG]] -> 8938019.3
A55: S17 | B55: HÀO | C55: 30 | D55: 3300000 | E55: 2344540.5 | F55: 1355431.3 | G55: =D55+Table841419410132427323943485356714[[#This Row],[LỢI NHUẬN RÒNG]] -> 4655431.3
A56: S3 | B56: HÀO | C56: 10 | D56: 4266666.7 | E56: 1468184.2 | F56: 1061010.6 | G56: =D56+Table841419410132427323943485356714[[#This Row],[LỢI NHUẬN RÒNG]] -> 5327677.3
A57: S14 | B57: HUY | C57: 10 | D57: 3080000 | E57: 1498360.8 | F57: 1194487 | G57: =D57+Table841419410132427323943485356714[[#This Row],[LỢI NHUẬN RÒNG]] -> 4274487
A58: S15 | B58: HUY ANH | C58: 5 | D58: 2250000 | E58: 634457.1 | F58: 261978.19 | G58: =D58+Table841419410132427323943485356714[[#This Row],[LỢI NHUẬN RÒNG]] -> 2511978.2
A59: S3 | B59: HUY ANH | C59: 10 | D59: 4266666.7 | E59: 1468184.2 | F59: 1061010.6 | G59: =D59+Table841419410132427323943485356714[[#This Row],[LỢI NHUẬN RÒNG]] -> 5327677.3
A60: S16 | B60: HUY ANH | C60: 10 | D60: 2500000 | E60: 1014149 | F60: 479339.76 | G60: =D60+Table841419410132427323943485356714[[#This Row],[LỢI NHUẬN RÒNG]] -> 2979339.8
A61: S6 | B61: KIÊN | C61: 30 | D61: 11400000 | E61: 6365104.6 | F61: 4201027 | G61: =D61+Table841419410132427323943485356714[[#This Row],[LỢI NHUẬN RÒNG]] -> 15601027
A62: S7 | B62: KIÊN | C62: 30 | D62: 10800000 | E62: 4619532 | F62: 2836157.7 | G62: =D62+Table841419410132427323943485356714[[#This Row],[LỢI NHUẬN RÒNG]] -> 13636158
... A64: S9 | B64: KIÊN | C64: 30 | D64: 22170000 | E64: 5786232.3 | F64: 3758795.2 | G64: =D64+Table841419410132427323943485356714[[#This Row],[LỢI NHUẬN RÒNG]] -> 25928795
A65: S11 | B65: LUẬN | C65: 10
A66: S17 | B66: LUẬN | C66: 20 | D66: 2200000 | E66: 1563027 | F66: 903620.86 | G66: =D66+Table841419410132427323943485356714[[#This Row],[LỢI NHUẬN RÒNG]] -> 3103620.9
A67: S2 | B67: MẠNH | C67: 10 | D67: 5100000 | E67: 1068138.4 | F67: 434639.56 | G67: =D67+Table841419410132427323943485356714[[#This Row],[LỢI NHUẬN RÒNG]] -> 5534639.6
A68: S3 | B68: MẠNH | C68: 10 | D68: 4266666.7 | E68: 1468184.2 | F68: 1061010.6 | G68: =D68+Table841419410132427323943485356714[[#This Row],[LỢI NHUẬN RÒNG]] -> 5327677.3
A69: S4 | B69: MẠNH | C69: 10 | D69: 5070000 | E69: 1167954 | F69: 455766.9 | G69: =D69+Table841419410132427323943485356714[[#This Row],[LỢI NHUẬN RÒNG]] -> 5525766.9
A70: S12 | B70: MẠNH | C70: 10 | D70: 5100000 | E70: 730557.8 | F70: 140511.16 | G70: =D70+Table841419410132427323943485356714[[#This Row],[LỢI NHUẬN RÒNG]] -> 5240511.2
A71: S13 | B71: MẠNH | C71: 10 | D71: 6100000 | E71: 1575847.3 | F71: 1067412.2 | G71: =D71+Table841419410132427323943485356714[[#This Row],[LỢI NHUẬN RÒNG]] -> 7167412.2
A72: S14 | B72: MẠNH | C72: 10 | D72: 3080000 | E72: 1498360.8 | F72: 1194487 | G72: =D72+Table841419410132427323943485356714[[#This Row],[LỢI NHUẬN RÒNG]] -> 4274487
A73: S15 | B73: MẠNH | C73: 10 | D73: 4500000 | E73: 1268914.2 | F73: 523956.38 | G73: =D73+Table841419410132427323943485356714[[#This Row],[LỢI NHUẬN RÒNG]] -> 5023956.4
A74: S16 | B74: MẠNH | C74: 10 | D74: 2500000 | E74: 1014149 | F74: 479339.76 | G74: =D74+Table841419410132427323943485356714[[#This Row],[LỢI NHUẬN RÒNG]] -> 2979339.8
A75: S17 | B75: MẠNH | C75: 20 | D75: 2200000 | E75: 1563027 | F75: 903620.86 | G75: =D75+Table841419410132427323943485356714[[#This Row],[LỢI NHUẬN RÒNG]] -> 3103620.9
A76: S8 | B76: NGỌC | C76: 10 | D76: 2200000 | E76: 821312.1 | F76: 499017.1 | G76: =D76+Table841419410132427323943485356714[[#This Row],[LỢI NHUẬN RÒNG]] -> 2699017.1
A77: S9 | B77: NGỌC | C77: 10 | D77: 7390000 | E77: 1928744.1 | F77: 1252931.7 | G77: =D77+Table841419410132427323943485356714[[#This Row],[LỢI NHUẬN RÒNG]] -> 8642931.7
A78: S11 | B78: NGỌC | C78: 10
A79: S13 | B79: NGỌC | C79: 10 | D79: 6100000 | E79: 1575847.3 | F79: 1067412.2 | G79: =D79+Table841419410132427323943485356714[[#This Row],[LỢI NHUẬN RÒNG]] -> 7167412.2
A80: S14 | B80: NGỌC | C80: 10 | D80: 3080000 | E80: 1498360.8 | F80: 1194487 | G80: =D80+Table841419410132427323943485356714[[#This Row],[LỢI NHUẬN RÒNG]] -> 4274487
A81: S15 | B81: NGỌC | C81: 15 | D81: 6750000 | E81: 1903371.3 | F81: 785934.58 | G81: =D81+Table841419410132427323943485356714[[#This Row],[LỢI NHUẬN RÒNG]] -> 7535934.6
A82: S16 | B82: NGỌC | C82: 10 | D82: 2500000 | E82: 1014149 | F82: 479339.76 | G82: =D82+Table841419410132427323943485356714[[#This Row],[LỢI NHUẬN RÒNG]] -> 2979339.8
A83: S17 | B83: NGỌC | C83: 10 | D83: 1100000 | E83: 781513.5 | F83: 451810.43 | G83: =D83+Table841419410132427323943485356714[[#This Row],[LỢI NHUẬN RÒNG]] -> 1551810.4
A84: S4 | B84: TÙNG | C84: 10 | D84: 5070000 | E84: 1167954 | F84: 455766.9 | G84: =D84+Table841419410132427323943485356714[[#This Row],[LỢI NHUẬN RÒNG]] -> 5525766.9
A85: S13 | B85: TÙNG | C85: 15 | D85: 9150000 | E85: 2363771 | F85: 1601118.3 | G85: =D85+Table841419410132427323943485356714[[#This Row],[LỢI NHUẬN RÒNG]] -> 10751118
A86: S14 | B86: TÙNG | C86: 10 | D86: 3080000 | E86: 1498360.8 | F86: 1194487 | G86: =D86+Table841419410132427323943485356714[[#This Row],[LỢI NHUẬN RÒNG]] -> 4274487
A87: S18 | B87: KIÊN | C87: 40 | D87: 24000000 | E87: 3864419.2 | F87: 1361735.9 | G87: =D87+Table841419410132427323943485356714[[#This Row],[LỢI NHUẬN RÒNG]] -> 25361736
A88: S18 | B88: HẰNG | C88: 30 | D88: 18000000 | E88: 2898314.4 | F88: 1021301.9 | G88: =D88+Table841419410132427323943485356714[[#This Row],[LỢI NHUẬN RÒNG]] -> 19021302
A89: S18 | B89: HUY | C89: 5 | D89: 3000000 | E89: 483052.4 | F89: 170216.99 | G89: =D89+Table841419410132427323943485356714[[#This Row],[LỢI NHUẬN RÒNG]] -> 3170217
A90: S18 | B90: MẠNH | C90: 10 | D90: 6000000 | E90: 966104.8 | F90: 340433.97 | G90: =D90+Table841419410132427323943485356714[[#This Row],[LỢI NHUẬN RÒNG]] -> 6340434
... A205: S29 | B205: HOÀNG ANH | C205: 5 | D205: 500000 | E205: 647072.95 | F205: 446263.67 | G205: =D205+Table841419410132427323943485356714[[#This Row],[LỢI NHUẬN RÒNG]] -> 946263.67
A206: S28 | B206: CHUNG | C206: 10 | D206: 3600000 | E206: 2227029.4 | F206: 1579956 | G206: =Table841419410132427323943485356714[[#This Row],[VỐN CP]]+Table841419410132427323943485356714[[#This Row],[LỢI NHUẬN RÒNG]] -> 5179956
A207: S28 | B207: HẰNG | C207: 25 | D207: 9000000 | E207: 5567573.5 | F207: 3949889.9 | G207: =Table841419410132427323943485356714[[#This Row],[VỐN CP]]+Table841419410132427323943485356714[[#This Row],[LỢI NHUẬN RÒNG]] -> 12949890
A208: S28 | B208: TÙNG | C208: 10 | D208: 3600000 | E208: 2227029.4 | F208: 1579956 | G208: =Table841419410132427323943485356714[[#This Row],[VỐN CP]]+Table841419410132427323943485356714[[#This Row],[LỢI NHUẬN RÒNG]] -> 5179956
A209: S28 | B209: NGỌC | C209: 5 | D209: 1800000 | E209: 1113514.7 | F209: 789977.98 | G209: =Table841419410132427323943485356714[[#This Row],[VỐN CP]]+Table841419410132427323943485356714[[#This Row],[LỢI NHUẬN RÒNG]] -> 2589978
A210: S28 | B210: ĐẠT | C210: 5 | D210: 1800000 | E210: 1113514.7 | F210: 789977.98 | G210: =Table841419410132427323943485356714[[#This Row],[VỐN CP]]+Table841419410132427323943485356714[[#This Row],[LỢI NHUẬN RÒNG]] -> 2589978
A211: S28 | B211: HÀO | C211: 20 | D211: 7200000 | E211: 4454058.8 | F211: 3159911.9 | G211: =Table841419410132427323943485356714[[#This Row],[VỐN CP]]+Table841419410132427323943485356714[[#This Row],[LỢI NHUẬN RÒNG]] -> 10359912
A212: S28 | B212: Đ.THẮNG | C212: 10 | D212: 3600000 | E212: 2227029.4 | F212: 1579956 | G212: =Table841419410132427323943485356714[[#This Row],[VỐN CP]]+Table841419410132427323943485356714[[#This Row],[LỢI NHUẬN RÒNG]] -> 5179956
A213: S28 | B213: NỤ | C213: 5 | D213: 1800000 | E213: 1113514.7 | F213: 789977.98 | G213: =Table841419410132427323943485356714[[#This Row],[VỐN CP]]+Table841419410132427323943485356714[[#This Row],[LỢI NHUẬN RÒNG]] -> 2589978
A214: S28 | B214: LÂM | C214: 10 | D214: 3600000 | E214: 2227029.4 | F214: 1579956 | G214: =Table841419410132427323943485356714[[#This Row],[VỐN CP]]+Table841419410132427323943485356714[[#This Row],[LỢI NHUẬN RÒNG]] -> 5179956
A215: S30 | B215: CHUNG | C215: 10 | D215: 6200000 | E215: 2647046.2 | F215: 1709044.7 | G215: =Table841419410132427323943485356714[[#This Row],[VỐN CP]]+Table841419410132427323943485356714[[#This Row],[LỢI NHUẬN RÒNG]] -> 7909044.7
...

Sheet Tháng 3 nhà G  
A1: BẢNG CHIA CỔ PHẦN THÁNG 3.26 NHÀ G
A2: MÃ TOÀ | B2: CỔ ĐÔNG | C2: TỈ LỆ % | D2: VỐN CP | E2: LỢI NHUẬN GỘP | F2: LỢI NHUẬN RÒNG | G2: TỔNG NHẬN | H2: Column1 | K2: CỔ ĐÔNG | L2: VỐN CP | M2: LỢI NHUẬN GỘP | N2: LỢI NHUẬN RÒNG | O2: TỔNG NHẬN
A3: G1 | B3: CHUNG | C3: 10 | D3: 4800000 | E3: 2071885.7 | F3: 1445326 | G3: =D3+Table84141941013242732394348535671118[[#This Row],[LỢI NHUẬN RÒNG]] -> 6245326 | K3: A ĐIỆP | L3: =SUMIF(Table84141941013242732394348535671118[CỔ ĐÔNG],K3,Table84141941013242732394348535671118[VỐN CP]) -> 2400000 | M3: =SUMIF(Table84141941013242732394348535671118[CỔ ĐÔNG],K3,Table84141941013242732394348535671118[LỢI NHUẬN GỘP]) -> 1035942.8 | N3: =SUMIF(Table84141941013242732394348535671118[CỔ ĐÔNG],K3,Table84141941013242732394348535671118[LỢI NHUẬN RÒNG]) -> 722662.99 | O3: =SUMIF(Table84141941013242732394348535671118[CỔ ĐÔNG],K3,Table84141941013242732394348535671118[TỔNG NHẬN]) -> 3122663
A4: G1 | B4: HẰNG | C4: 20 | D4: 9600000 | E4: 4143771.4 | F4: 2890652 | G4: =D4+Table84141941013242732394348535671118[[#This Row],[LỢI NHUẬN RÒNG]] -> 12490652 | K4: CHUNG | L4: =SUMIF(Table84141941013242732394348535671118[CỔ ĐÔNG],K4,Table84141941013242732394348535671118[VỐN CP]) -> 4800000 | M4: =SUMIF(Table84141941013242732394348535671118[CỔ ĐÔNG],K4,Table84141941013242732394348535671118[LỢI NHUẬN GỘP]) -> 2071885.7 | N4: =SUMIF(Table84141941013242732394348535671118[CỔ ĐÔNG],K4,Table84141941013242732394348535671118[LỢI NHUẬN RÒNG]) -> 1445326 | O4: =SUMIF(Table84141941013242732394348535671118[CỔ ĐÔNG],Table95152051114252833404449545781219[[#This Row],[CỔ ĐÔNG]],Table84141941013242732394348535671118[TỔNG NHẬN]) -> 26959897
A5: G1 | B5: TÙNG | C5: 15 | D5: 7200000 | E5: 3107828.5 | F5: 2167989 | G5: =D5+Table84141941013242732394348535671118[[#This Row],[LỢI NHUẬN RÒNG]] -> 9367989 | K5: Đ.THẮNG | L5: =SUMIF(Table84141941013242732394348535671118[CỔ ĐÔNG],K5,Table84141941013242732394348535671118[VỐN CP]) -> 0 | M5: =SUMIF(Table84141941013242732394348535671118[CỔ ĐÔNG],K5,Table84141941013242732394348535671118[LỢI NHUẬN GỘP]) -> 0 | N5: =SUMIF(Table84141941013242732394348535671118[CỔ ĐÔNG],K5,Table84141941013242732394348535671118[LỢI NHUẬN RÒNG]) -> 0 | O5: =SUMIF(Table84141941013242732394348535671118[CỔ ĐÔNG],Table95152051114252833404449545781219[[#This Row],[CỔ ĐÔNG]],Table84141941013242732394348535671118[TỔNG NHẬN]) -> 0
A6: G1 | B6: NGỌC | C6: 5 | D6: 2400000 | E6: 1035942.8 | F6: 722662.99 | G6: =D6+Table84141941013242732394348535671118[[#This Row],[LỢI NHUẬN RÒNG]] -> 3122663 | K6: ĐẠT | L6: =SUMIF(Table84141941013242732394348535671118[CỔ ĐÔNG],K6,Table84141941013242732394348535671118[VỐN CP]) -> 0 | M6: =SUMIF(Table84141941013242732394348535671118[CỔ ĐÔNG],K6,Table84141941013242732394348535671118[LỢI NHUẬN GỘP]) -> 0 | N6: =SUMIF(Table84141941013242732394348535671118[CỔ ĐÔNG],K6,Table84141941013242732394348535671118[LỢI NHUẬN RÒNG]) -> 0 | O6: =SUMIF(Table84141941013242732394348535671118[CỔ ĐÔNG],K6,Table84141941013242732394348535671118[TỔNG NHẬN]) -> 0
A7: G1 | B7: MẠNH | C7: 15 | D7: 7200000 | E7: 3107828.5 | F7: 2167989 | G7: =D7+Table84141941013242732394348535671118[[#This Row],[LỢI NHUẬN RÒNG]] -> 9367989 | K7: DT | L7: =SUMIF(Table84141941013242732394348535671118[CỔ ĐÔNG],K7,Table84141941013242732394348535671118[VỐN CP]) -> 0 | M7: =SUMIF(Table84141941013242732394348535671118[CỔ ĐÔNG],K7,Table84141941013242732394348535671118[LỢI NHUẬN GỘP]) -> 0 | N7: =SUMIF(Table84141941013242732394348535671118[CỔ ĐÔNG],K7,Table84141941013242732394348535671118[LỢI NHUẬN RÒNG]) -> 0 | O7: =SUMIF(Table84141941013242732394348535671118[CỔ ĐÔNG],Table95152051114252833404449545781219[[#This Row],[CỔ ĐÔNG]],Table84141941013242732394348535671118[TỔNG NHẬN]) -> 0
A8: G1 | B8: HÀO | C8: 10 | D8: 4800000 | E8: 2071885.7 | F8: 1445326 | G8: =D8+Table84141941013242732394348535671118[[#This Row],[LỢI NHUẬN RÒNG]] -> 6245326 | K8: HẰNG | L8: =SUMIF(Table84141941013242732394348535671118[CỔ ĐÔNG],K8,Table84141941013242732394348535671118[VỐN CP]) -> 12150000 | M8: =SUMIF(Table84141941013242732394348535671118[CỔ ĐÔNG],K8,Table84141941013242732394348535671118[LỢI NHUẬN GỘP]) -> 5757464.2 | N8: =SUMIF(Table84141941013242732394348535671118[CỔ ĐÔNG],K8,Table84141941013242732394348535671118[LỢI NHUẬN RÒNG]) -> 3447651.1 | O8: =SUMIF(Table84141941013242732394348535671118[CỔ ĐÔNG],Table95152051114252833404449545781219[[#This Row],[CỔ ĐÔNG]],Table84141941013242732394348535671118[TỔNG NHẬN]) -> 43574453
A9: G1 | B9: A ĐIỆP | C9: 5 | D9: 2400000 | E9: 1035942.8 | F9: 722662.99 | G9: =D9+Table84141941013242732394348535671118[[#This Row],[LỢI NHUẬN RÒNG]] -> 3122663 | K9: HÀO | L9: =SUMIF(Table84141941013242732394348535671118[CỔ ĐÔNG],K9,Table84141941013242732394348535671118[VỐN CP]) -> 7350000 | M9: =SUMIF(Table84141941013242732394348535671118[CỔ ĐÔNG],K9,Table84141941013242732394348535671118[LỢI NHUẬN GỘP]) -> 3685578.5 | N9: =SUMIF(Table84141941013242732394348535671118[CỔ ĐÔNG],K9,Table84141941013242732394348535671118[LỢI NHUẬN RÒNG]) -> 2002325.1 | O9: =SUMIF(Table84141941013242732394348535671118[CỔ ĐÔNG],Table95152051114252833404449545781219[[#This Row],[CỔ ĐÔNG]],Table84141941013242732394348535671118[TỔNG NHẬN]) -> 30066896
A10: G1 | B10: LÂM | C10: 10 | D10: 4800000 | E10: 2071885.7 | F10: 1445326 | G10: =D10+Table84141941013242732394348535671118[[#This Row],[LỢI NHUẬN RÒNG]] -> 6245326 | K10: HUY | L10: =SUMIF(Table84141941013242732394348535671118[CỔ ĐÔNG],K10,Table84141941013242732394348535671118[VỐN CP]) -> 0 | M10: =SUMIF(Table84141941013242732394348535671118[CỔ ĐÔNG],K10,Table84141941013242732394348535671118[LỢI NHUẬN GỘP]) -> 0 | N10: =SUMIF(Table84141941013242732394348535671118[CỔ ĐÔNG],K10,Table84141941013242732394348535671118[LỢI NHUẬN RÒNG]) -> 0 | O10: =SUMIF(Table84141941013242732394348535671118[CỔ ĐÔNG],Table95152051114252833404449545781219[[#This Row],[CỔ ĐÔNG]],Table84141941013242732394348535671118[TỔNG NHẬN]) -> 0
A11: G1 | B11: HUY ANH | C11: 10 | D11: 4800000 | E11: 2071885.7 | F11: 1445326 | G11: =D11+Table84141941013242732394348535671118[[#This Row],[LỢI NHUẬN RÒNG]] -> 6245326 | K11: HUY ANH | L11: =SUMIF(Table84141941013242732394348535671118[CỔ ĐÔNG],K11,Table84141941013242732394348535671118[VỐN CP]) -> 7350000 | M11: =SUMIF(Table84141941013242732394348535671118[CỔ ĐÔNG],K11,Table84141941013242732394348535671118[LỢI NHUẬN GỘP]) -> 3685578.5 | N11: =SUMIF(Table84141941013242732394348535671118[CỔ ĐÔNG],K11,Table84141941013242732394348535671118[LỢI NHUẬN RÒNG]) -> 2002325.1 | O11: =SUMIF(Table84141941013242732394348535671118[CỔ ĐÔNG],Table95152051114252833404449545781219[[#This Row],[CỔ ĐÔNG]],Table84141941013242732394348535671118[TỔNG NHẬN]) -> 30066896
A12: G2 | B12: HẰNG | C12: 15 | D12: 2550000 | E12: 1613692.8 | F12: 556999.16 | G12: =D12+Table84141941013242732394348535671118[[#This Row],[LỢI NHUẬN RÒNG]] -> 3106999.2 | K12: KIÊN | L12: =SUMIF(Table84141941013242732394348535671118[CỔ ĐÔNG],K12,Table84141941013242732394348535671118[VỐN CP]) -> 0 | M12: =SUMIF(Table84141941013242732394348535671118[CỔ ĐÔNG],K12,Table84141941013242732394348535671118[LỢI NHUẬN GỘP]) -> 0 | N12: =SUMIF(Table84141941013242732394348535671118[CỔ ĐÔNG],K12,Table84141941013242732394348535671118[LỢI NHUẬN RÒNG]) -> 0 | O12: =SUMIF(Table84141941013242732394348535671118[CỔ ĐÔNG],Table95152051114252833404449545781219[[#This Row],[CỔ ĐÔNG]],Table84141941013242732394348535671118[TỔNG NHẬN]) -> 0
A13: G2 | B13: TÙNG | C13: 15 | D13: 2550000 | E13: 1613692.8 | F13: 556999.16 | G13: =D13+Table84141941013242732394348535671118[[#This Row],[LỢI NHUẬN RÒNG]] -> 3106999.2 | K13: LUẬN | L13: =SUMIF(Table84141941013242732394348535671118[CỔ ĐÔNG],K13,Table84141941013242732394348535671118[VỐN CP]) -> 1700000 | M13: =SUMIF(Table84141941013242732394348535671118[CỔ ĐÔNG],K13,Table84141941013242732394348535671118[LỢI NHUẬN GỘP]) -> 1075795.2 | N13: =SUMIF(Table84141941013242732394348535671118[CỔ ĐÔNG],K13,Table84141941013242732394348535671118[LỢI NHUẬN RÒNG]) -> 371332.77 | O13: =SUMIF(Table84141941013242732394348535671118[CỔ ĐÔNG],Table95152051114252833404449545781219[[#This Row],[CỔ ĐÔNG]],Table84141941013242732394348535671118[TỔNG NHẬN]) -> 19154789
A14: G2 | B14: NGỌC | C14: 5 | D14: 850000 | E14: 537897.6 | F14: 185666.39 | G14: =D14+Table84141941013242732394348535671118[[#This Row],[LỢI NHUẬN RÒNG]] -> 1035666.4 | K14: MẠNH | L14: =SUMIF(Table84141941013242732394348535671118[CỔ ĐÔNG],K14,Table84141941013242732394348535671118[VỐN CP]) -> 9750000 | M14: =SUMIF(Table84141941013242732394348535671118[CỔ ĐÔNG],K14,Table84141941013242732394348535671118[LỢI NHUẬN GỘP]) -> 4721521.3 | N14: =SUMIF(Table84141941013242732394348535671118[CỔ ĐÔNG],K14,Table84141941013242732394348535671118[LỢI NHUẬN RÒNG]) -> 2724988.1 | O14: =SUMIF(Table84141941013242732394348535671118[CỔ ĐÔNG],Table95152051114252833404449545781219[[#This Row],[CỔ ĐÔNG]],Table84141941013242732394348535671118[TỔNG NHẬN]) -> 50273015
A15: G2 | B15: MẠNH | C15: 15 | D15: 2550000 | E15: 1613692.8 | F15: 556999.16 | G15: =D15+Table84141941013242732394348535671118[[#This Row],[LỢI NHUẬN RÒNG]] -> 3106999.2 | K15: NGỌC | L15: =SUMIF(Table84141941013242732394348535671118[CỔ ĐÔNG],K15,Table84141941013242732394348535671118[VỐN CP]) -> 3250000 | M15: =SUMIF(Table84141941013242732394348535671118[CỔ ĐÔNG],K15,Table84141941013242732394348535671118[LỢI NHUẬN GỘP]) -> 1573840.4 | N15: =SUMIF(Table84141941013242732394348535671118[CỔ ĐÔNG],K15,Table84141941013242732394348535671118[LỢI NHUẬN RÒNG]) -> 908329.38 | O15: =SUMIF(Table84141941013242732394348535671118[CỔ ĐÔNG],Table95152051114252833404449545781219[[#This Row],[CỔ ĐÔNG]],Table84141941013242732394348535671118[TỔNG NHẬN]) -> 14515615
A16: G2 | B16: HÀO | C16: 15 | D16: 2550000 | E16: 1613692.8 | F16: 556999.16 | G16: =D16+Table84141941013242732394348535671118[[#This Row],[LỢI NHUẬN RÒNG]] -> 3106999.2 | K16: NỤ | L16: =SUMIF(Table84141941013242732394348535671118[CỔ ĐÔNG],K16,Table84141941013242732394348535671118[VỐN CP]) -> 0 | M16: =SUMIF(Table84141941013242732394348535671118[CỔ ĐÔNG],K16,Table84141941013242732394348535671118[LỢI NHUẬN GỘP]) -> 0 | N16: =SUMIF(Table84141941013242732394348535671118[CỔ ĐÔNG],K16,Table84141941013242732394348535671118[LỢI NHUẬN RÒNG]) -> 0 | O16: =SUMIF(Table84141941013242732394348535671118[CỔ ĐÔNG],Table95152051114252833404449545781219[[#This Row],[CỔ ĐÔNG]],Table84141941013242732394348535671118[TỔNG NHẬN]) -> 0
A17: G2 | B17: LUẬN | C17: 10 | D17: 1700000 | E17: 1075795.2 | F17: 371332.77 | G17: =D17+Table84141941013242732394348535671118[[#This Row],[LỢI NHUẬN RÒNG]] -> 2071332.8 | K17: TÙNG | L17: =SUMIF(Table84141941013242732394348535671118[CỔ ĐÔNG],K17,Table84141941013242732394348535671118[VỐN CP]) -> 9750000 | M17: =SUMIF(Table84141941013242732394348535671118[CỔ ĐÔNG],K17,Table84141941013242732394348535671118[LỢI NHUẬN GỘP]) -> 4721521.3 | N17: =SUMIF(Table84141941013242732394348535671118[CỔ ĐÔNG],K17,Table84141941013242732394348535671118[LỢI NHUẬN RÒNG]) -> 2724988.1 | O17: =SUMIF(Table84141941013242732394348535671118[CỔ ĐÔNG],Table95152051114252833404449545781219[[#This Row],[CỔ ĐÔNG]],Table84141941013242732394348535671118[TỔNG NHẬN]) -> 33189559
A18: G2 | B18: LÂM | C18: 10 | D18: 1700000 | E18: 1075795.2 | F18: 371332.77 | G18: =D18+Table84141941013242732394348535671118[[#This Row],[LỢI NHUẬN RÒNG]] -> 2071332.8 | K18: CƯỜNG | L18: =SUMIF(Table84141941013242732394348535671118[CỔ ĐÔNG],K18,Table84141941013242732394348535671118[VỐN CP]) -> 0 | M18: =SUMIF(Table84141941013242732394348535671118[CỔ ĐÔNG],K18,Table84141941013242732394348535671118[LỢI NHUẬN GỘP]) -> 0 | N18: =SUMIF(Table84141941013242732394348535671118[CỔ ĐÔNG],K18,Table84141941013242732394348535671118[LỢI NHUẬN RÒNG]) -> 0 | O18: =SUMIF(Table84141941013242732394348535671118[CỔ ĐÔNG],Table95152051114252833404449545781219[[#This Row],[CỔ ĐÔNG]],Table84141941013242732394348535671118[TỔNG NHẬN]) -> 0
A19: G2 | B19: HUY ANH | C19: 15 | D19: 2550000 | E19: 1613692.8 | F19: 556999.16 | G19: =D19+Table84141941013242732394348535671118[[#This Row],[LỢI NHUẬN RÒNG]] -> 3106999.2 | K19: HƯƠNG ANH | L19: =SUMIF(Table84141941013242732394348535671118[CỔ ĐÔNG],K19,Table84141941013242732394348535671118[VỐN CP]) -> 0 | M19: =SUMIF(Table84141941013242732394348535671118[CỔ ĐÔNG],K19,Table84141941013242732394348535671118[LỢI NHUẬN GỘP]) -> 0 | N19: =SUMIF(Table84141941013242732394348535671118[CỔ ĐÔNG],K19,Table84141941013242732394348535671118[LỢI NHUẬN RÒNG]) -> 0 | O19: =SUMIF(Table84141941013242732394348535671118[CỔ ĐÔNG],Table95152051114252833404449545781219[[#This Row],[CỔ ĐÔNG]],Table84141941013242732394348535671118[TỔNG NHẬN]) -> 0
A20: G3 | B20: CHUNG | C20: 10 | G20: 13452340 | K20: HOÀNG ANH | L20: =SUMIF(Table84141941013242732394348535671118[CỔ ĐÔNG],K20,Table84141941013242732394348535671118[VỐN CP]) -> 0 | M20: =SUMIF(Table84141941013242732394348535671118[CỔ ĐÔNG],K20,Table84141941013242732394348535671118[LỢI NHUẬN GỘP]) -> 0 | N20: =SUMIF(Table84141941013242732394348535671118[CỔ ĐÔNG],K20,Table84141941013242732394348535671118[LỢI NHUẬN RÒNG]) -> 0 | O20: =SUMIF(Table84141941013242732394348535671118[CỔ ĐÔNG],Table95152051114252833404449545781219[[#This Row],[CỔ ĐÔNG]],Table84141941013242732394348535671118[TỔNG NHẬN]) -> 0
A21: G3 | B21: HẰNG | C21: 10 | G21: 13452340 | K21: LÂM | L21: =SUMIF(Table84141941013242732394348535671118[CỔ ĐÔNG],K21,Table84141941013242732394348535671118[VỐN CP]) -> 6500000 | M21: =SUMIF(Table84141941013242732394348535671118[CỔ ĐÔNG],K21,Table84141941013242732394348535671118[LỢI NHUẬN GỘP]) -> 3147680.9 | N21: =SUMIF(Table84141941013242732394348535671118[CỔ ĐÔNG],K21,Table84141941013242732394348535671118[LỢI NHUẬN RÒNG]) -> 1816658.8 | O21: =SUMIF(Table84141941013242732394348535671118[CỔ ĐÔNG],Table95152051114252833404449545781219[[#This Row],[CỔ ĐÔNG]],Table84141941013242732394348535671118[TỔNG NHẬN]) -> 39388516
A22: G3 | B22: TÙNG | C22: 10 | G22: 13452340 | K22: LINH | L22: =SUMIF(Table84141941013242732394348535671118[CỔ ĐÔNG],K22,Table84141941013242732394348535671118[VỐN CP]) -> 0 | M22: =SUMIF(Table84141941013242732394348535671118[CỔ ĐÔNG],K22,Table84141941013242732394348535671118[LỢI NHUẬN GỘP]) -> 0 | N22: =SUMIF(Table84141941013242732394348535671118[CỔ ĐÔNG],K22,Table84141941013242732394348535671118[LỢI NHUẬN RÒNG]) -> 0 | O22: =SUMIF(Table84141941013242732394348535671118[CỔ ĐÔNG],Table95152051114252833404449545781219[[#This Row],[CỔ ĐÔNG]],Table84141941013242732394348535671118[TỔNG NHẬN]) -> 0
A23: G3 | B23: NGỌC | C23: 5 | G23: 6726170.2 | K23: HUYỀN | L23: =SUMIF(Table84141941013242732394348535671118[CỔ ĐÔNG],K23,Table84141941013242732394348535671118[VỐN CP]) -> 0 | M23: =SUMIF(Table84141941013242732394348535671118[CỔ ĐÔNG],K23,Table84141941013242732394348535671118[LỢI NHUẬN GỘP]) -> 0 | N23: =SUMIF(Table84141941013242732394348535671118[CỔ ĐÔNG],K23,Table84141941013242732394348535671118[LỢI NHUẬN RÒNG]) -> 0 | O23: =SUMIF(Table84141941013242732394348535671118[CỔ ĐÔNG],Table95152051114252833404449545781219[[#This Row],[CỔ ĐÔNG]],Table84141941013242732394348535671118[TỔNG NHẬN]) -> 0
A24: G3 | B24: MẠNH | C24: 20 | G24: 26904681 | K24: ƯỚC | L24: =SUMIF(Table84141941013242732394348535671118[CỔ ĐÔNG],K24,Table84141941013242732394348535671118[VỐN CP]) -> 0 | M24: =SUMIF(Table84141941013242732394348535671118[CỔ ĐÔNG],K24,Table84141941013242732394348535671118[LỢI NHUẬN GỘP]) -> 0 | N24: =SUMIF(Table84141941013242732394348535671118[CỔ ĐÔNG],K24,Table84141941013242732394348535671118[LỢI NHUẬN RÒNG]) -> 0 | O24: =SUMIF(Table84141941013242732394348535671118[CỔ ĐÔNG],Table95152051114252833404449545781219[[#This Row],[CỔ ĐÔNG]],Table84141941013242732394348535671118[TỔNG NHẬN]) -> 0
A25: G3 | B25: HÀO | C25: 10 | G25: 13452340 | K25: TỔNG | L25: =SUM(L2:L24) -> 65000000 | M25: =SUM(M2:M24) -> 31476809 | N25: =SUM(N2:N24) -> 18166588 | O25: =SUM(O2:O24) -> 2.903123e+08
A26: G3 | B26: LUẬN | C26: 10 | G26: 13452340
A27: G3 | B27: LÂM | C27: 15 | G27: 20178511
A28: G3 | B28: HUY ANH | C28: 10 | G28: 13452340
A29: G4 | B29: CHUNG | C29: 10 | G29: 7262230.8
A30: G4 | B30: HẰNG | C30: 20 | G30: 14524462
A31: G4 | B31: TÙNG | C31: 10 | G31: 7262230.8
A32: G4 | B32: NGỌC | C32: 5 | G32: 3631115.4
A33: G4 | B33: MẠNH | C33: 15 | G33: 10893346
A34: G4 | B34: HÀO | C34: 10 | G34: 7262230.8
A35: G4 | B35: LUẬN | C35: 5 | G35: 3631115.4
A36: G4 | B36: LÂM | C36: 15 | G36: 10893346
A37: G4 | B37: HUY ANH | C37: 10 | G37: 7262230.8
G38: =D38+Table84141941013242732394348535671118[[#This Row],[LỢI NHUẬN RÒNG]] -> 0
G39: =D39+Table84141941013242732394348535671118[[#This Row],[LỢI NHUẬN RÒNG]] -> 0
G40: =D40+Table84141941013242732394348535671118[[#This Row],[LỢI NHUẬN RÒNG]] -> 0
G41: =D41+Table84141941013242732394348535671118[[#This Row],[LỢI NHUẬN RÒNG]] -> 0
G42: =D42+Table84141941013242732394348535671118[[#This Row],[LỢI NHUẬN RÒNG]] -> 0
G43: =D43+Table84141941013242732394348535671118[[#This Row],[LỢI NHUẬN RÒNG]] -> 0
G44: =D44+Table84141941013242732394348535671118[[#This Row],[LỢI NHUẬN RÒNG]] -> 0
G45: =D45+Table84141941013242732394348535671118[[#This Row],[LỢI NHUẬN RÒNG]] -> 0
G46: =D46+Table84141941013242732394348535671118[[#This Row],[LỢI NHUẬN RÒNG]] -> 0
G47: =D47+Table84141941013242732394348535671118[[#This Row],[LỢI NHUẬN RÒNG]] -> 0
G48: =D48+Table84141941013242732394348535671118[[#This Row],[LỢI NHUẬN RÒNG]] -> 0
G49: =D49+Table84141941013242732394348535671118[[#This Row],[LỢI NHUẬN RÒNG]] -> 0
... G205: =D205+Table84141941013242732394348535671118[[#This Row],[LỢI NHUẬN RÒNG]] -> 0
G206: =Table84141941013242732394348535671118[[#This Row],[VỐN CP]]+Table84141941013242732394348535671118[[#This Row],[LỢI NHUẬN RÒNG]] -> 0
G207: =Table84141941013242732394348535671118[[#This Row],[VỐN CP]]+Table84141941013242732394348535671118[[#This Row],[LỢI NHUẬN RÒNG]] -> 0
G208: =Table84141941013242732394348535671118[[#This Row],[VỐN CP]]+Table84141941013242732394348535671118[[#This Row],[LỢI NHUẬN RÒNG]] -> 0
G209: =Table84141941013242732394348535671118[[#This Row],[VỐN CP]]+Table84141941013242732394348535671118[[#This Row],[LỢI NHUẬN RÒNG]] -> 0
G210: =Table84141941013242732394348535671118[[#This Row],[VỐN CP]]+Table84141941013242732394348535671118[[#This Row],[LỢI NHUẬN RÒNG]] -> 0
G211: =Table84141941013242732394348535671118[[#This Row],[VỐN CP]]+Table84141941013242732394348535671118[[#This Row],[LỢI NHUẬN RÒNG]] -> 0
G212: =Table84141941013242732394348535671118[[#This Row],[VỐN CP]]+Table84141941013242732394348535671118[[#This Row],[LỢI NHUẬN RÒNG]] -> 0
G213: =Table84141941013242732394348535671118[[#This Row],[VỐN CP]]+Table84141941013242732394348535671118[[#This Row],[LỢI NHUẬN RÒNG]] -> 0
G214: =Table84141941013242732394348535671118[[#This Row],[VỐN CP]]+Table84141941013242732394348535671118[[#This Row],[LỢI NHUẬN RÒNG]] -> 0
G215: =Table84141941013242732394348535671118[[#This Row],[VỐN CP]]+Table84141941013242732394348535671118[[#This Row],[LỢI NHUẬN RÒNG]] -> 0
G216: =Table84141941013242732394348535671118[[#This Row],[VỐN CP]]+Table84141941013242732394348535671118[[#This Row],[LỢI NHUẬN RÒNG]] -> 0
G217: =Table84141941013242732394348535671118[[#This Row],[VỐN CP]]+Table84141941013242732394348535671118[[#This Row],[LỢI NHUẬN RÒNG]] -> 0
... G420: =Table84141941013242732394348535671118[[#This Row],[VỐN CP]]+Table84141941013242732394348535671118[[#This Row],[LỢI NHUẬN RÒNG]] -> 0
D421: =SUBTOTAL(109,Table84141941013242732394348535671118[VỐN CP]) -> 3250000 | E421: =SUBTOTAL(109,Table84141941013242732394348535671118[LỢI NHUẬN GỘP]) -> 1573840.4 | F421: =SUBTOTAL(109,Table84141941013242732394348535671118[LỢI NHUẬN RÒNG]) -> 908329.38 | G421: =SUBTOTAL(109,Table84141941013242732394348535671118[TỔNG NHẬN]) -> 14515615

Sheet LNR THÁNG  3
A1: BẢNG LỢI NHUÂN RÒNG THÁNG 3
A2: CỔ ĐÔNG | B2: VỐN CP | C2: LỢI NHUẬN GỘP | D2: LỢI NHUẬN RÒNG | E2: TỔNG NHẬN | F2: TỶ LỆ ĐT
A3: A ĐIỆP | B3: =Table731218791623303538424752591017[[#This Row],[VỐN CP]]+Table951520511142528334044495457815[[#This Row],[VỐN CP]]+Table95152051114252833404449545781219[[#This Row],[VỐN CP]] -> 70884167 | C3: =Table731218791623303538424752591017[[#This Row],[LỢI NHUẬN GỘP]]+Table951520511142528334044495457815[[#This Row],[LỢI NHUẬN GỘP]]+Table95152051114252833404449545781219[[#This Row],[LỢI NHUẬN GỘP]] -> 19977373 | D3: =Table731218791623303538424752591017[[#This Row],[LỢI NHUẬN RÒNG]]+Table951520511142528334044495457815[[#This Row],[LỢI NHUẬN RÒNG]]+Table95152051114252833404449545781219[[#This Row],[LỢI NHUẬN RÒNG]] -> 10578860 | E3: =Table731218791623303538424752591017[[#This Row],[TỔNG NHẬN]]+Table951520511142528334044495457815[[#This Row],[TỔNG NHẬN]]+Table95152051114252833404449545781219[[#This Row],[TỔNG NHẬN]] -> 84480059 | F3: =D3/B3 -> 0.1492415
A4: CHIẾN | B4: =Table731218791623303538424752591017[[#This Row],[VỐN CP]] -> 81893333 | C4: =Table731218791623303538424752591017[[#This Row],[LỢI NHUẬN GỘP]] -> 27512028 | D4: =Table731218791623303538424752591017[[#This Row],[LỢI NHUẬN RÒNG]] -> 17408162 | E4: =Table731218791623303538424752591017[[#This Row],[TỔNG NHẬN]] -> 99301495 | F4: =D4/B4 -> 0.21257118
A5: CHUNG | B5: =Table731218791623303538424752591017[[#This Row],[VỐN CP]]+'Tháng 3 nhà S '!L4+'Tháng 3 nhà G '!L4 -> 7.9325417e+08 | C5: =Table731218791623303538424752591017[[#This Row],[LỢI NHUẬN GỘP]]+'Tháng 3 nhà S '!M4+'Tháng 3 nhà G '!M4 -> 2.5048546e+08 | D5: =Table731218791623303538424752591017[[#This Row],[LỢI NHUẬN RÒNG]]+'Tháng 3 nhà S '!N4+'Tháng 3 nhà G '!N4 -> 1.4583672e+08 | E5: =Table731218791623303538424752591017[[#This Row],[TỔNG NHẬN]]+'Tháng 3 nhà S '!O4+'Tháng 3 nhà G '!O4 -> 9.6282249e+08 | F5: =D5/B5 -> 0.18384615
A6: Đ. THẮNG | B6: =Table731218791623303538424752591017[[#This Row],[VỐN CP]]+'Tháng 3 nhà S '!L5+'Tháng 3 nhà G '!L5 -> 74298333 | C6: =Table731218791623303538424752591017[[#This Row],[LỢI NHUẬN GỘP]]+'Tháng 3 nhà S '!M5+'Tháng 3 nhà G '!M5 -> 22654125 | D6: =Table731218791623303538424752591017[[#This Row],[LỢI NHUẬN RÒNG]]+'Tháng 3 nhà S '!N5+'Tháng 3 nhà G '!N5 -> 12938669 | E6: =Table731218791623303538424752591017[[#This Row],[TỔNG NHẬN]]+'Tháng 3 nhà S '!O5+'Tháng 3 nhà G '!O5 -> 87237003 | F6: =D6/B6 -> 0.17414481
A7: ĐẠT | B7: =Table731218791623303538424752591017[[#This Row],[VỐN CP]]+'Tháng 3 nhà S '!L6 -> 34563333 | C7: =Table731218791623303538424752591017[[#This Row],[LỢI NHUẬN GỘP]]+'Tháng 3 nhà S '!M6 -> 12173418 | D7: =Table731218791623303538424752591017[[#This Row],[LỢI NHUẬN RÒNG]]+'Tháng 3 nhà S '!N6 -> 7351094.2 | E7: =Table731218791623303538424752591017[[#This Row],[TỔNG NHẬN]]+'Tháng 3 nhà S '!O6 -> 43422944 | F7: =D7/B7 -> 0.21268476
A8: DT | B8: ='Tháng 3 nhà S '!L7 -> 6795000 | C8: ='Tháng 3 nhà S '!M7 -> 3766333.5 | D8: ='Tháng 3 nhà S '!N7 -> 2748451.4 | E8: ='Tháng 3 nhà S '!O7 -> 9543451.4 | F8: =D8/B8 -> 0.40448145
A9: HẰNG | B9: ='Tháng 3 nhà T '!L8+'Tháng 3 nhà S '!L8+'Tháng 3 nhà G '!L8 -> 8.1884667e+08 | C9: ='Tháng 3 nhà T '!M8+'Tháng 3 nhà S '!M8+'Tháng 3 nhà G '!M8 -> 2.5707259e+08 | D9: ='Tháng 3 nhà T '!N8+'Tháng 3 nhà S '!N8+'Tháng 3 nhà G '!N8 -> 1.4892299e+08 | E9: ='Tháng 3 nhà T '!O8+'Tháng 3 nhà S '!O8+'Tháng 3 nhà G '!O8 -> 9.6682901e+08 | F9: =D9/B9 -> 0.1818692
A10: HÀO | B10: ='Tháng 3 nhà T '!L9+'Tháng 3 nhà S '!L9+'Tháng 3 nhà G '!L9 -> 4.2303667e+08 | C10: ='Tháng 3 nhà T '!M9+'Tháng 3 nhà S '!M9+'Tháng 3 nhà G '!M9 -> 1.5016785e+08 | D10: ='Tháng 3 nhà T '!N9+'Tháng 3 nhà S '!N9+'Tháng 3 nhà G '!N9 -> 89625163 | E10: ='Tháng 3 nhà T '!O9+'Tháng 3 nhà S '!O9+'Tháng 3 nhà G '!O9 -> 5.3639343e+08 | F10: =D10/B10 -> 0.21186145
A11: HUY | B11: ='Tháng 3 nhà T '!L10+'Tháng 3 nhà S '!L10 -> 51435000 | C11: ='Tháng 3 nhà T '!M10+'Tháng 3 nhà S '!M10 -> 17383440 | D11: ='Tháng 3 nhà T '!N10+'Tháng 3 nhà S '!N10 -> 10769071 | E11: ='Tháng 3 nhà T '!O10+'Tháng 3 nhà S '!O10 -> 62204071 | F11: =D11/B11 -> 0.20937243
A12: HUY ANH | B12: ='Tháng 3 nhà T '!L16+'Tháng 3 nhà S '!L11+'Tháng 3 nhà G '!L11 -> 1.0704333e+08 | C12: ='Tháng 3 nhà T '!M16+'Tháng 3 nhà S '!M11+'Tháng 3 nhà G '!M11 -> 37068923 | D12: ='Tháng 3 nhà T '!N16+'Tháng 3 nhà S '!N11+'Tháng 3 nhà G '!N11 -> 20988915 | E12: ='Tháng 3 nhà T '!O16+'Tháng 3 nhà S '!O11+'Tháng 3 nhà G '!O11 -> 1.4874682e+08 | F12: =D12/B12 -> 0.19607868
A13: KIÊN | B13: ='Tháng 3 nhà T '!L11+'Tháng 3 nhà S '!L12+'Tháng 3 nhà G '!L12 -> 4.0721833e+08 | C13: ='Tháng 3 nhà T '!M11+'Tháng 3 nhà S '!M12+'Tháng 3 nhà G '!M12 -> 1.3136536e+08 | D13: ='Tháng 3 nhà T '!N11+'Tháng 3 nhà S '!N12+'Tháng 3 nhà G '!N12 -> 77921917 | E13: ='Tháng 3 nhà T '!O11+'Tháng 3 nhà S '!O12+'Tháng 3 nhà G '!O12 -> 4.8514025e+08 | F13: =D13/B13 -> 0.19135169
A14: LUẬN | B14: ='Tháng 3 nhà S '!L13+'Tháng 3 nhà G '!L13 -> 40548333 | C14: ='Tháng 3 nhà S '!M13+'Tháng 3 nhà G '!M13 -> 16292230 | D14: ='Tháng 3 nhà S '!N13+'Tháng 3 nhà G '!N13 -> 9847349 | E14: ='Tháng 3 nhà S '!O13+'Tháng 3 nhà G '!O13 -> 68987655 | F14: =D14/B14 -> 0.24285459
A15: MẠNH | B15: ='Tháng 3 nhà T '!L12+'Tháng 3 nhà S '!L14+'Tháng 3 nhà G '!L14 -> 2.0076333e+08 | C15: ='Tháng 3 nhà T '!M12+'Tháng 3 nhà S '!M14+'Tháng 3 nhà G '!M14 -> 61912926 | D15: ='Tháng 3 nhà T '!N12+'Tháng 3 nhà S '!N14+'Tháng 3 nhà G '!N14 -> 33519399 | E15: ='Tháng 3 nhà T '!O12+'Tháng 3 nhà S '!O14+'Tháng 3 nhà G '!O14 -> 2.7509779e+08 | F15: =D15/B15 -> 0.16695976
A16: N. THẮNG | B16: ='Tháng 3 nhà T '!L13 -> 8400000 | C16: ='Tháng 3 nhà T '!M13 -> 4581122.5 | D16: ='Tháng 3 nhà T '!N13 -> 3146163.2 | E16: ='Tháng 3 nhà T '!O13 -> 11546163 | F16: =D16/B16 -> 0.37454324
A17: NGỌC | B17: ='Tháng 3 nhà T '!L14+'Tháng 3 nhà S '!L15+'Tháng 3 nhà G '!L15 -> 82418333 | C17: ='Tháng 3 nhà T '!M14+'Tháng 3 nhà S '!M15+'Tháng 3 nhà G '!M15 -> 30082931 | D17: ='Tháng 3 nhà T '!N14+'Tháng 3 nhà S '!N15+'Tháng 3 nhà G '!N15 -> 18385178 | E17: ='Tháng 3 nhà T '!O14+'Tháng 3 nhà S '!O15+'Tháng 3 nhà G '!O15 -> 1.1266931e+08 | F17: =D17/B17 -> 0.22307146
A18: NỤ | B18: ='Tháng 3 nhà S '!L16+'Tháng 3 nhà G '!L16 -> 51421667 | C18: ='Tháng 3 nhà S '!M16+'Tháng 3 nhà G '!M16 -> 19789201 | D18: ='Tháng 3 nhà S '!N16+'Tháng 3 nhà G '!N16 -> 12390800 | E18: ='Tháng 3 nhà S '!O16+'Tháng 3 nhà G '!O16 -> 66829499 | F18: =D18/B18 -> 0.24096457
A19: TÙNG | B19: ='Tháng 3 nhà T '!L15+'Tháng 3 nhà S '!L17+'Tháng 3 nhà G '!L17 -> 2.1277833e+08 | C19: ='Tháng 3 nhà T '!M15+'Tháng 3 nhà S '!M17+'Tháng 3 nhà G '!M17 -> 68522261 | D19: ='Tháng 3 nhà T '!N15+'Tháng 3 nhà S '!N17+'Tháng 3 nhà G '!N17 -> 39065225 | E19: ='Tháng 3 nhà T '!O15+'Tháng 3 nhà S '!O17+'Tháng 3 nhà G '!O17 -> 2.7859219e+08 | F19: =D19/B19 -> 0.18359588
A20: CƯỜNG | B20: ='Tháng 3 nhà S '!L18 -> 1583333.3 | C20: ='Tháng 3 nhà S '!M18 -> 305438.82 | D20: ='Tháng 3 nhà S '!N18 -> 158696.55 | E20: ='Tháng 3 nhà S '!O18 -> 1742029.9 | F20: =D20/B20 -> 0.1002294
A21: HƯƠNG ANH | B21: ='Tháng 3 nhà S '!L19 -> 2533333.3 | C21: ='Tháng 3 nhà S '!M19 -> 772725.42 | D21: ='Tháng 3 nhà S '!N19 -> 471324.82 | E21: ='Tháng 3 nhà S '!O19 -> 3004658.2 | F21: =D21/B21 -> 0.18604927
A22: HOÀNG ANH | B22: ='Tháng 3 nhà S '!L20 -> 2083333.3 | C22: ='Tháng 3 nhà S '!M20 -> 952511.77 | D22: ='Tháng 3 nhà S '!N20 -> 604960.23 | E22: ='Tháng 3 nhà S '!O20 -> 2688293.6 | F22: =D22/B22 -> 0.29038091
A23: LÂM | B23: ='Tháng 3 nhà S '!L21+'Tháng 3 nhà G '!L21 -> 97018333 | C23: ='Tháng 3 nhà S '!M21+'Tháng 3 nhà G '!M21 -> 31880275 | D23: ='Tháng 3 nhà S '!N21+'Tháng 3 nhà G '!N21 -> 18065347 | E23: ='Tháng 3 nhà S '!O21+'Tháng 3 nhà G '!O21 -> 1.4615554e+08 | F23: =D23/B23 -> 0.1862055
A24: LINH | B24: ='Tháng 3 nhà S '!L22 -> 4700000 | C24: ='Tháng 3 nhà S '!M22 -> 3336610.5 | D24: ='Tháng 3 nhà S '!N22 -> 2250735.1 | E24: ='Tháng 3 nhà S '!O22 -> 6950735.1 | F24: =D24/B24 -> 0.4788798
A25: HUYỀN | B25: ='Tháng 3 nhà S '!L23 -> 13050000 | C25: ='Tháng 3 nhà S '!M23 -> 4849802.8 | D25: ='Tháng 3 nhà S '!N23 -> 3239575.9 | E25: ='Tháng 3 nhà S '!O23 -> 17798092 | F25: =D25/B25 -> 0.24824336
A26: ƯỚC | B26: ='Tháng 3 nhà S '!L24 -> 13350000 | C26: ='Tháng 3 nhà S '!M24 -> 5127476.5 | D26: ='Tháng 3 nhà S '!N24 -> 3449913.6 | E26: ='Tháng 3 nhà S '!O24 -> 16799914 | F26: =D26/B26 -> 0.25842049
A27: TỎNG | B27: ='[1]Tháng 9 nhà S '!L25 -> 1.7451667e+09 | C27: =SUBTOTAL(109,C2:C26) -> 1.1780324e+09 | D27: =SUBTOTAL(109,D2:D26) -> 6.8968468e+08 | E27: =SUBTOTAL(109,E2:E26) -> 4.4949829e+09 | F27: =D27/B27 -> 0.39519703

Sheet Tháng 4 nhà T  
A1: BẢNG CHIA CỔ PHẦN THÁNG 4.26 NHÀ T
K2: CỔ ĐÔNG | L2: VỐN CP | M2: LỢI NHUẬN GỘP | N2: LỢI NHUẬN RÒNG | O2: TỔNG NHẬN
A3: MÃ TOÀ | B3: CỔ ĐÔNG | C3: TỈ LỆ % | D3: VỐN CP | E3: LỢI NHUẬN GỘP | F3: LỢI NHUẬN RÒNG | G3: TỔNG NHẬN | K3: A ĐIỆP | L3: =SUMIF($B$4:$B$155,K3,$D$4:$D$155) -> 21095833 | M3: =SUMIF('Tháng 4 nhà T '!$B$4:$B$154,K3,'Tháng 4 nhà T '!$E$4:$E$154) -> -119383.73 | N3: =SUMIF('Tháng 4 nhà T '!$B$4:$B$154,K3,'Tháng 4 nhà T '!$F$4:$F$154) -> -3382916.6 | O3: =SUMIF('Tháng 4 nhà T '!$B$4:$B$154,K3,'Tháng 4 nhà T '!$G$4:$G$154) -> 17712917
A4: T33 | B4: CHUNG | C4: 30 | D4: 13200000 | E4: 3484212 | F4: 1776577.7 | G4: =Table5211176815222934374146515891623[[#This Row],[LỢI NHUẬN RÒNG]]+Table5211176815222934374146515891623[[#This Row],[VỐN CP]] -> 14976578 | K4: CHIẾN | L4: =SUMIF($B$4:$B$155,K4,$D$4:$D$155) -> 81893333 | M4: =SUMIF('Tháng 4 nhà T '!$B$4:$B$154,K4,'Tháng 4 nhà T '!$E$4:$E$154) -> 21421399 | N4: =SUMIF('Tháng 4 nhà T '!$B$4:$B$154,K4,'Tháng 4 nhà T '!$F$4:$F$154) -> 6369783.5 | O4: =SUMIF('Tháng 4 nhà T '!$B$4:$B$154,K4,'Tháng 4 nhà T '!$G$4:$G$154) -> 88263117
A5: T33 | B5: HẰNG | C5: 30 | D5: 13200000 | E5: 3484212 | F5: 1776577.7 | G5: =Table5211176815222934374146515891623[[#This Row],[LỢI NHUẬN RÒNG]]+Table5211176815222934374146515891623[[#This Row],[VỐN CP]] -> 14976578 | K5: CHUNG | L5: =SUMIF($B$4:$B$155,K5,$D$4:$D$155) -> 4.0976417e+08 | M5: =SUMIF('Tháng 4 nhà T '!$B$4:$B$154,K5,'Tháng 4 nhà T '!$E$4:$E$154) -> 96161189 | N5: =SUMIF('Tháng 4 nhà T '!$B$4:$B$154,K5,'Tháng 4 nhà T '!$F$4:$F$154) -> 25740044 | O5: =SUMIF('Tháng 4 nhà T '!$B$4:$B$154,K5,'Tháng 4 nhà T '!$G$4:$G$154) -> 4.3550421e+08
A6: T33 | B6: HÀO | C6: 10 | D6: 4400000 | E6: 1161404 | F6: 592192.57 | G6: =Table5211176815222934374146515891623[[#This Row],[LỢI NHUẬN RÒNG]]+Table5211176815222934374146515891623[[#This Row],[VỐN CP]] -> 4992192.6 | K6: Đ. THẮNG | L6: =SUMIF($B$4:$B$155,K6,$D$4:$D$155) -> 9933333.3 | M6: =SUMIF('Tháng 4 nhà T '!$B$4:$B$154,K6,'Tháng 4 nhà T '!$E$4:$E$154) -> 973027.07 | N6: =SUMIF('Tháng 4 nhà T '!$B$4:$B$154,K6,'Tháng 4 nhà T '!$F$4:$F$154) -> -845694.89 | O6: =SUMIF('Tháng 4 nhà T '!$B$4:$B$154,K6,'Tháng 4 nhà T '!$G$4:$G$154) -> 9087638.4
A7: T33 | B7: KIÊN | C7: 20 | D7: 8800000 | E7: 2322808 | F7: 1184385.1 | G7: =Table5211176815222934374146515891623[[#This Row],[LỢI NHUẬN RÒNG]]+Table5211176815222934374146515891623[[#This Row],[VỐN CP]] -> 9984385.1 | K7: ĐẠT | L7: =SUMIF($B$4:$B$155,K7,$D$4:$D$155) -> 6666666.7 | M7: =SUMIF('Tháng 4 nhà T '!$B$4:$B$154,K7,'Tháng 4 nhà T '!$E$4:$E$154) -> -210129.87 | N7: =SUMIF('Tháng 4 nhà T '!$B$4:$B$154,K7,'Tháng 4 nhà T '!$F$4:$F$154) -> -847313.75 | O7: =SUMIF('Tháng 4 nhà T '!$B$4:$B$154,K7,'Tháng 4 nhà T '!$G$4:$G$154) -> 5819352.9
A8: T33 | B8: MẠNH | C8: 10 | D8: 4400000 | E8: 1161404 | F8: 592192.57 | G8: =Table5211176815222934374146515891623[[#This Row],[LỢI NHUẬN RÒNG]]+Table5211176815222934374146515891623[[#This Row],[VỐN CP]] -> 4992192.6 | K8: HẰNG | L8: =SUMIF($B$4:$B$155,K8,$D$4:$D$155) -> 411960000 | M8: =SUMIF('Tháng 4 nhà T '!$B$4:$B$154,K8,'Tháng 4 nhà T '!$E$4:$E$154) -> 94036061 | N8: =SUMIF('Tháng 4 nhà T '!$B$4:$B$154,K8,'Tháng 4 nhà T '!$F$4:$F$154) -> 23565769 | O8: =SUMIF('Tháng 4 nhà T '!$B$4:$B$154,K8,'Tháng 4 nhà T '!$G$4:$G$154) -> 4.0439071e+08
A9: T37 | B9: CHUNG | C9: 15 | D9: 10000000 | E9: -315194.8 | F9: -1270970.6 | G9: =Table5211176815222934374146515891623[[#This Row],[LỢI NHUẬN RÒNG]]+Table5211176815222934374146515891623[[#This Row],[VỐN CP]] -> 8729029.4 | K9: HÀO | L9: =SUMIF($B$4:$B$155,K9,$D$4:$D$155) -> 68785000 | M9: =SUMIF('Tháng 4 nhà T '!$B$4:$B$154,K9,'Tháng 4 nhà T '!$E$4:$E$154) -> 11867658 | N9: =SUMIF('Tháng 4 nhà T '!$B$4:$B$154,K9,'Tháng 4 nhà T '!$F$4:$F$154) -> -1050993.5 | O9: =SUMIF('Tháng 4 nhà T '!$B$4:$B$154,K9,'Tháng 4 nhà T '!$G$4:$G$154) -> 67734006
A10: T37 | B10: ĐẠT | C10: 10 | D10: 6666666.7 | E10: -210129.87 | F10: -847313.75 | G10: =Table5211176815222934374146515891623[[#This Row],[LỢI NHUẬN RÒNG]]+Table5211176815222934374146515891623[[#This Row],[VỐN CP]] -> 5819352.9 | K10: HUY | L10: =SUMIF($B$4:$B$155,K10,$D$4:$D$155) -> 16000000 | M10: =SUMIF('Tháng 4 nhà T '!$B$4:$B$154,K10,'Tháng 4 nhà T '!$E$4:$E$154) -> 5522453.4 | N10: =SUMIF('Tháng 4 nhà T '!$B$4:$B$154,K10,'Tháng 4 nhà T '!$F$4:$F$154) -> 2914837.2 | O10: =SUMIF('Tháng 4 nhà T '!$B$4:$B$154,K10,'Tháng 4 nhà T '!$G$4:$G$154) -> 18914837
A11: T37 | B11: HẰNG | C11: 15 | D11: 10000000 | E11: -315194.8 | F11: -1270970.6 | G11: =Table5211176815222934374146515891623[[#This Row],[LỢI NHUẬN RÒNG]]+Table5211176815222934374146515891623[[#This Row],[VỐN CP]] -> 8729029.4 | K11: KIÊN | L11: =SUMIF($B$4:$B$155,K11,$D$4:$D$155) -> 3.2582833e+08 | M11: =SUMIF('Tháng 4 nhà T '!$B$4:$B$154,K11,'Tháng 4 nhà T '!$E$4:$E$154) -> 94786143 | N11: =SUMIF('Tháng 4 nhà T '!$B$4:$B$154,K11,'Tháng 4 nhà T '!$F$4:$F$154) -> 35032309 | O11: =SUMIF(Table5211176815222934374146515891623[CỔ ĐÔNG],K11,Table5211176815222934374146515891623[TỔNG NHẬN]) -> 3.6086064e+08
A12: T37 | B12: HÀO | C12: 10 | D12: 6666666.7 | E12: -210129.87 | F12: -847313.75 | G12: =Table5211176815222934374146515891623[[#This Row],[LỢI NHUẬN RÒNG]]+Table5211176815222934374146515891623[[#This Row],[VỐN CP]] -> 5819352.9 | K12: MẠNH | L12: =SUMIF($B$4:$B$155,K12,$D$4:$D$155) -> 44946667 | M12: =SUMIF('Tháng 4 nhà T '!$B$4:$B$154,K12,'Tháng 4 nhà T '!$E$4:$E$154) -> 7819236.4 | N12: =SUMIF('Tháng 4 nhà T '!$B$4:$B$154,K12,'Tháng 4 nhà T '!$F$4:$F$154) -> 1484491.1 | O12: =SUMIF('Tháng 4 nhà T '!$B$4:$B$154,K12,'Tháng 4 nhà T '!$G$4:$G$154) -> 46431158
A13: T37 | B13: KIÊN | C13: 10 | D13: 6666666.7 | E13: -210129.87 | F13: -847313.75 | G13: =Table5211176815222934374146515891623[[#This Row],[LỢI NHUẬN RÒNG]]+Table5211176815222934374146515891623[[#This Row],[VỐN CP]] -> 5819352.9 | K13: N. THẮNG | L13: =SUMIF($B$4:$B$155,K13,$D$4:$D$155) -> 8400000 | M13: =SUMIF('Tháng 4 nhà T '!$B$4:$B$154,K13,'Tháng 4 nhà T '!$E$4:$E$154) -> 2791743 | N13: =SUMIF('Tháng 4 nhà T '!$B$4:$B$154,K13,'Tháng 4 nhà T '!$F$4:$F$154) -> 1284459.6 | O13: =SUMIF('Tháng 4 nhà T '!$B$4:$B$154,K13,'Tháng 4 nhà T '!$G$4:$G$154) -> 9684459.6
A14: T37 | B14: MẠNH | C14: 10 | D14: 6666666.7 | E14: -210129.87 | F14: -847313.75 | G14: =Table5211176815222934374146515891623[[#This Row],[LỢI NHUẬN RÒNG]]+Table5211176815222934374146515891623[[#This Row],[VỐN CP]] -> 5819352.9 | K14: NGỌC | L14: =SUMIF($B$4:$B$155,K14,$D$4:$D$155) -> 17560000 | M14: =SUMIF('Tháng 4 nhà T '!$B$4:$B$154,K14,'Tháng 4 nhà T '!$E$4:$E$154) -> 2940709.5 | N14: =SUMIF('Tháng 4 nhà T '!$B$4:$B$154,K14,'Tháng 4 nhà T '!$F$4:$F$154) -> 612527.49 | O14: =SUMIF('Tháng 4 nhà T '!$B$4:$B$154,K14,'Tháng 4 nhà T '!$G$4:$G$154) -> 18172527
A15: T37 | B15: TÙNG | C15: 20 | D15: 13333333 | E15: -420259.73 | F15: -1694627.5 | G15: =Table5211176815222934374146515891623[[#This Row],[LỢI NHUẬN RÒNG]]+Table5211176815222934374146515891623[[#This Row],[VỐN CP]] -> 11638706 | K15: TÙNG | L15: =SUMIF($B$4:$B$155,K15,$D$4:$D$155) -> 40833333 | M15: =SUMIF('Tháng 4 nhà T '!$B$4:$B$154,K15,'Tháng 4 nhà T '!$E$4:$E$154) -> 5674790.4 | N15: =SUMIF('Tháng 4 nhà T '!$B$4:$B$154,K15,'Tháng 4 nhà T '!$F$4:$F$154) -> -537972.89 | O15: =SUMIF('Tháng 4 nhà T '!$B$4:$B$154,K15,'Tháng 4 nhà T '!$G$4:$G$154) -> 40295360
A16: T38 | B16: CHUNG | C16: 30 | D16: 7950000 | E16: 1921433.7 | F16: 940364.26 | G16: =Table5211176815222934374146515891623[[#This Row],[LỢI NHUẬN RÒNG]]+Table5211176815222934374146515891623[[#This Row],[VỐN CP]] -> 8890364.3 | K16: HUY ANH | L16: =SUMIF($B$4:$B$155,K16,$D$4:$D$155) -> 2750000 | M16: =SUMIF('Tháng 4 nhà T '!$B$4:$B$154,K16,'Tháng 4 nhà T '!$E$4:$E$154) -> 50949.05 | N16: =SUMIF('Tháng 4 nhà T '!$B$4:$B$154,K16,'Tháng 4 nhà T '!$F$4:$F$154) -> -483477.24 | O16: =SUMIF('Tháng 4 nhà T '!$B$4:$B$154,K16,'Tháng 4 nhà T '!$G$4:$G$154) -> 2266522.8
A17: T38 | B17: HẰNG | C17: 30 | D17: 7950000 | E17: 1921433.7 | F17: 940364.26 | G17: =Table5211176815222934374146515891623[[#This Row],[LỢI NHUẬN RÒNG]]+Table5211176815222934374146515891623[[#This Row],[VỐN CP]] -> 8890364.3 | K17: TỔNG | L17: =SUM(L2:L16) -> 1.4664167e+09 | M17: =SUM(M2:M16) -> 3.4371585e+08 | N17: =SUM(N2:N16) -> 89855852 | O17: =SUM(O2:O16) -> 1.5251375e+09
A18: T38 | B18: HÀO | C18: 10 | D18: 2650000 | E18: 640477.9 | F18: 313454.75 | G18: =Table5211176815222934374146515891623[[#This Row],[LỢI NHUẬN RÒNG]]+Table5211176815222934374146515891623[[#This Row],[VỐN CP]] -> 2963454.8
A19: T38 | B19: KIÊN | C19: 20 | D19: 5300000 | E19: 1280955.8 | F19: 626909.51 | G19: =Table5211176815222934374146515891623[[#This Row],[LỢI NHUẬN RÒNG]]+Table5211176815222934374146515891623[[#This Row],[VỐN CP]] -> 5926909.5
A20: T38 | B20: NGỌC | C20: 10 | D20: 2650000 | E20: 640477.9 | F20: 313454.75 | G20: =Table5211176815222934374146515891623[[#This Row],[LỢI NHUẬN RÒNG]]+Table5211176815222934374146515891623[[#This Row],[VỐN CP]] -> 2963454.8
A21: T41 | B21: CHUNG | C21: 25 | D21: 13750000 | E21: 254745.25 | F21: -2417386.2 | G21: =Table5211176815222934374146515891623[[#This Row],[LỢI NHUẬN RÒNG]]+Table5211176815222934374146515891623[[#This Row],[VỐN CP]] -> 11332614
A22: T41 | B22: HẰNG | C22: 25 | D22: 13750000 | E22: 254745.25 | F22: -2417386.2 | G22: =Table5211176815222934374146515891623[[#This Row],[LỢI NHUẬN RÒNG]]+Table5211176815222934374146515891623[[#This Row],[VỐN CP]] -> 11332614
A23: T41 | B23: HUY ANH | C23: 5 | D23: 2750000 | E23: 50949.05 | F23: -483477.24 | G23: =Table5211176815222934374146515891623[[#This Row],[LỢI NHUẬN RÒNG]]+Table5211176815222934374146515891623[[#This Row],[VỐN CP]] -> 2266522.8
A24: T41 | B24: NGỌC | C24: 5 | D24: 2750000 | E24: 50949.05 | F24: -483477.24 | G24: =Table5211176815222934374146515891623[[#This Row],[LỢI NHUẬN RÒNG]]+Table5211176815222934374146515891623[[#This Row],[VỐN CP]] -> 2266522.8
A25: T41 | B25: KIÊN | C25: 20 | D25: 11000000 | E25: 203796.2 | F25: -1933909 | G25: =Table5211176815222934374146515891623[[#This Row],[LỢI NHUẬN RÒNG]]+Table5211176815222934374146515891623[[#This Row],[VỐN CP]] -> 9066091
A26: T41 | B26: MẠNH | C26: 10 | D26: 5500000 | E26: 101898.1 | F26: -966954.49 | G26: =Table5211176815222934374146515891623[[#This Row],[LỢI NHUẬN RÒNG]]+Table5211176815222934374146515891623[[#This Row],[VỐN CP]] -> 4533045.5
A27: T42 | B27: CHUNG | C27: 35 | D27: 45237500 | E27: -2478434 | F27: -9281151 | G27: =Table5211176815222934374146515891623[[#This Row],[LỢI NHUẬN RÒNG]]+Table5211176815222934374146515891623[[#This Row],[VỐN CP]] -> 35956349
A28: T42 | B28: HẰNG | C28: 40 | D28: 51700000 | E28: -2832496 | F28: -10607030 | G28: =Table5211176815222934374146515891623[[#This Row],[LỢI NHUẬN RÒNG]]+Table5211176815222934374146515891623[[#This Row],[VỐN CP]] -> 41092970
A29: T42 | B29: HÀO | C29: 10 | D29: 12925000 | E29: -708124 | F29: -2651757.4 | G29: =Table5211176815222934374146515891623[[#This Row],[LỢI NHUẬN RÒNG]]+Table5211176815222934374146515891623[[#This Row],[VỐN CP]] -> 10273243
... A88: T25 | B88: CHUNG | C88: 30 | D88: 33000000 | E88: 11655128 | F88: 4362068 | G88: =Table5211176815222934374146515891623[[#This Row],[LỢI NHUẬN RÒNG]]+Table5211176815222934374146515891623[[#This Row],[VỐN CP]] -> 37362068
A89: T25 | B89: HẰNG | C89: 25 | D89: 27500000 | E89: 9712606.5 | F89: 3635056.7
A90: T25 | B90: HÀO | C90: 15 | D90: 16500000 | E90: 5827563.9 | F90: 2181034 | G90: =Table5211176815222934374146515891623[[#This Row],[LỢI NHUẬN RÒNG]]+Table5211176815222934374146515891623[[#This Row],[VỐN CP]] -> 18681034
A91: T25 | B91: KIÊN | C91: 20 | D91: 22000000 | E91: 7770085.2 | F91: 2908045.4 | G91: =Table5211176815222934374146515891623[[#This Row],[LỢI NHUẬN RÒNG]]+Table5211176815222934374146515891623[[#This Row],[VỐN CP]] -> 24908045
A92: T25 | B92: TÙNG | C92: 10 | D92: 11000000 | E92: 3885042.6 | F92: 1454022.7 | G92: =Table5211176815222934374146515891623[[#This Row],[LỢI NHUẬN RÒNG]]+Table5211176815222934374146515891623[[#This Row],[VỐN CP]] -> 12454023
A93: T26 | B93: CHUNG | C93: 25 | D93: 12500000 | E93: 5839912.5 | F93: 2689433.8 | G93: =Table5211176815222934374146515891623[[#This Row],[LỢI NHUẬN RÒNG]]+Table5211176815222934374146515891623[[#This Row],[VỐN CP]] -> 15189434
A94: T26 | B94: HẰNG | C94: 25 | D94: 12500000 | E94: 5839912.5 | F94: 2689433.8 | G94: =Table5211176815222934374146515891623[[#This Row],[LỢI NHUẬN RÒNG]]+Table5211176815222934374146515891623[[#This Row],[VỐN CP]] -> 15189434
A95: T26 | B95: HUY | C95: 10 | D95: 5000000 | E95: 2335965 | F95: 1075773.5 | G95: =Table5211176815222934374146515891623[[#This Row],[LỢI NHUẬN RÒNG]]+Table5211176815222934374146515891623[[#This Row],[VỐN CP]] -> 6075773.5
A96: T26 | B96: KIÊN | C96: 40 | D96: 20000000 | E96: 9343860 | F96: 4303094.1 | G96: =Table5211176815222934374146515891623[[#This Row],[LỢI NHUẬN RÒNG]]+Table5211176815222934374146515891623[[#This Row],[VỐN CP]] -> 24303094
A97: T27 | B97: CHUNG | C97: 25 | D97: 12500000 | E97: 718017.5 | F97: -900389.23 | G97: =Table5211176815222934374146515891623[[#This Row],[LỢI NHUẬN RÒNG]]+Table5211176815222934374146515891623[[#This Row],[VỐN CP]] -> 11599611
A98: T27 | B98: Đ. THẮNG | C98: 10 | D98: 5000000 | E98: 287207 | F98: -360155.69 | G98: =Table5211176815222934374146515891623[[#This Row],[LỢI NHUẬN RÒNG]]+Table5211176815222934374146515891623[[#This Row],[VỐN CP]] -> 4639844.3
A99: T27 | B99: HẰNG | C99: 25 | D99: 12500000 | E99: 718017.5 | F99: -900389.23 | G99: =Table5211176815222934374146515891623[[#This Row],[LỢI NHUẬN RÒNG]]+Table5211176815222934374146515891623[[#This Row],[VỐN CP]] -> 11599611
A100: T27 | B100: KIÊN | C100: 20 | D100: 10000000 | E100: 574414 | F100: -720311.38 | G100: =Table5211176815222934374146515891623[[#This Row],[LỢI NHUẬN RÒNG]]+Table5211176815222934374146515891623[[#This Row],[VỐN CP]] -> 9279688.6
A101: T27 | B101: TÙNG | C101: 20 | D101: 10000000 | E101: 574414 | F101: -720311.38 | G101: =Table5211176815222934374146515891623[[#This Row],[LỢI NHUẬN RÒNG]]+Table5211176815222934374146515891623[[#This Row],[VỐN CP]] -> 9279688.6
... A154: T8 | B154: KIÊN | C154: 40 | D154: 13320000 | E154: 3435016 | F154: 2151032.5 | G154: =Table5211176815222934374146515891623[[#This Row],[LỢI NHUẬN RÒNG]]+Table5211176815222934374146515891623[[#This Row],[VỐN CP]] -> 15471033
D155: =SUBTOTAL(109,Table5211176815222934374146515891623[VỐN CP]) -> 17560000 | E155: =SUBTOTAL(109,Table5211176815222934374146515891623[LỢI NHUẬN GỘP]) -> 2940709.5 | F155: =SUBTOTAL(109,Table5211176815222934374146515891623[LỢI NHUẬN RÒNG]) -> 612527.49 | G155: =SUBTOTAL(109,Table5211176815222934374146515891623[TỔNG NHẬN]) -> 18172527

Sheet Tháng 4 nhà S 
A1: BẢNG CHIA CỔ PHẦN THÁNG 4.26 NHÀ S
A2: MÃ TOÀ | B2: CỔ ĐÔNG | C2: TỈ LỆ % | D2: VỐN CP | E2: LỢI NHUẬN GỘP | F2: LỢI NHUẬN RÒNG | G2: TỔNG NHẬN | H2: Column1 | K2: CỔ ĐÔNG | L2: VỐN CP | M2: LỢI NHUẬN GỘP | N2: LỢI NHUẬN RÒNG | O2: TỔNG NHẬN
A3: S1 | B3: CHUNG | C3: 35 | D3: 8400000 | E3: 2294911.9 | F3: 1305784.5 | G3: =D3+Table84141941013242732394348535671421[[#This Row],[LỢI NHUẬN RÒNG]] -> 9705784.5 | K3: A ĐIỆP | L3: =SUMIF(Table84141941013242732394348535671421[CỔ ĐÔNG],K3,Table84141941013242732394348535671421[VỐN CP]) -> 47388333 | M3: =SUMIF(Table84141941013242732394348535671421[CỔ ĐÔNG],K3,Table84141941013242732394348535671421[LỢI NHUẬN GỘP]) -> 14258912 | N3: =SUMIF(Table84141941013242732394348535671421[CỔ ĐÔNG],K3,Table84141941013242732394348535671421[LỢI NHUẬN RÒNG]) -> 6373192.1 | O3: =SUMIF(Table84141941013242732394348535671421[CỔ ĐÔNG],K3,Table84141941013242732394348535671421[TỔNG NHẬN]) -> 53761525
A4: S2 | B4: CHUNG | C4: 35 | D4: 17850000 | E4: 577434.55 | F4: -5187465.4 | G4: =D4+Table84141941013242732394348535671421[[#This Row],[LỢI NHUẬN RÒNG]] -> 12662535 | K4: CHUNG | L4: =SUMIF(Table84141941013242732394348535671421[CỔ ĐÔNG],K4,Table84141941013242732394348535671421[VỐN CP]) -> 3.7679e+08 | M4: =SUMIF(Table84141941013242732394348535671421[CỔ ĐÔNG],K4,Table84141941013242732394348535671421[LỢI NHUẬN GỘP]) -> 90178861 | N4: =SUMIF(Table84141941013242732394348535671421[CỔ ĐÔNG],K4,Table84141941013242732394348535671421[LỢI NHUẬN RÒNG]) -> 24964265 | O4: =SUMIF(Table84141941013242732394348535671421[CỔ ĐÔNG],Table95152051114252833404449545781522[[#This Row],[CỔ ĐÔNG]],Table84141941013242732394348535671421[TỔNG NHẬN]) -> 4.0175426e+08
A5: S3 | B5: CHUNG | C5: 30 | D5: 12800000 | E5: -2080579.4 | F5: -3764594.8 | G5: =D5+Table84141941013242732394348535671421[[#This Row],[LỢI NHUẬN RÒNG]] -> 9035405.2 | K5: Đ.THẮNG | L5: =SUMIF(Table84141941013242732394348535671421[CỔ ĐÔNG],K5,Table84141941013242732394348535671421[VỐN CP]) -> 63605000 | M5: =SUMIF(Table84141941013242732394348535671421[CỔ ĐÔNG],K5,Table84141941013242732394348535671421[LỢI NHUẬN GỘP]) -> 13170186 | N5: =SUMIF(Table84141941013242732394348535671421[CỔ ĐÔNG],K5,Table84141941013242732394348535671421[LỢI NHUẬN RÒNG]) -> 1891642.6 | O5: =SUMIF(Table84141941013242732394348535671421[CỔ ĐÔNG],Table95152051114252833404449545781522[[#This Row],[CỔ ĐÔNG]],Table84141941013242732394348535671421[TỔNG NHẬN]) -> 65496643
A6: S4 | B6: CHUNG | C6: 30 | D6: 15210000 | E6: 1075047.3 | F6: -2088002.5 | G6: =D6+Table84141941013242732394348535671421[[#This Row],[LỢI NHUẬN RÒNG]] -> 13121998 | K6: ĐẠT | L6: =SUMIF(Table84141941013242732394348535671421[CỔ ĐÔNG],K6,Table84141941013242732394348535671421[VỐN CP]) -> 27896667 | M6: =SUMIF(Table84141941013242732394348535671421[CỔ ĐÔNG],K6,Table84141941013242732394348535671421[LỢI NHUẬN GỘP]) -> 7846681.8 | N6: =SUMIF(Table84141941013242732394348535671421[CỔ ĐÔNG],K6,Table84141941013242732394348535671421[LỢI NHUẬN RÒNG]) -> 3266184.1 | O6: =SUMIF(Table84141941013242732394348535671421[CỔ ĐÔNG],K6,Table84141941013242732394348535671421[TỔNG NHẬN]) -> 31162851
A7: S5 | B7: CHUNG | C7: 40 | D7: 18000000 | E7: 3453437.2 | F7: 69781.219 | G7: =D7+Table84141941013242732394348535671421[[#This Row],[LỢI NHUẬN RÒNG]] -> 18069781 | K7: DT | L7: =SUMIF(Table84141941013242732394348535671421[CỔ ĐÔNG],K7,Table84141941013242732394348535671421[VỐN CP]) -> 6795000 | M7: =SUMIF(Table84141941013242732394348535671421[CỔ ĐÔNG],K7,Table84141941013242732394348535671421[LỢI NHUẬN GỘP]) -> 2775709 | N7: =SUMIF(Table84141941013242732394348535671421[CỔ ĐÔNG],K7,Table84141941013242732394348535671421[LỢI NHUẬN RÒNG]) -> 1623394.9 | O7: =SUMIF(Table84141941013242732394348535671421[CỔ ĐÔNG],Table95152051114252833404449545781522[[#This Row],[CỔ ĐÔNG]],Table84141941013242732394348535671421[TỔNG NHẬN]) -> 8418394.9
A8: S6 | B8: CHUNG | C8: 25 | D8: 9500000 | E8: 2211057.4 | F8: 665370.63 | G8: =D8+Table84141941013242732394348535671421[[#This Row],[LỢI NHUẬN RÒNG]] -> 10165371 | K8: HẰNG | L8: =SUMIF(Table84141941013242732394348535671421[CỔ ĐÔNG],K8,Table84141941013242732394348535671421[VỐN CP]) -> 3.9283667e+08 | M8: =SUMIF(Table84141941013242732394348535671421[CỔ ĐÔNG],K8,Table84141941013242732394348535671421[LỢI NHUẬN GỘP]) -> 78342809 | N8: =SUMIF(Table84141941013242732394348535671421[CỔ ĐÔNG],K8,Table84141941013242732394348535671421[LỢI NHUẬN RÒNG]) -> 10870650 | O8: =SUMIF(Table84141941013242732394348535671421[CỔ ĐÔNG],Table95152051114252833404449545781522[[#This Row],[CỔ ĐÔNG]],Table84141941013242732394348535671421[TỔNG NHẬN]) -> 4.0370732e+08
A9: S7 | B9: CHUNG | C9: 25 | D9: 9000000 | E9: 2922273.7 | F9: 1215079.3 | G9: =D9+Table84141941013242732394348535671421[[#This Row],[LỢI NHUẬN RÒNG]] -> 10215079 | K9: HÀO | L9: =SUMIF(Table84141941013242732394348535671421[CỔ ĐÔNG],K9,Table84141941013242732394348535671421[VỐN CP]) -> 3.4690167e+08 | M9: =SUMIF(Table84141941013242732394348535671421[CỔ ĐÔNG],K9,Table84141941013242732394348535671421[LỢI NHUẬN GỘP]) -> 98354173 | N9: =SUMIF(Table84141941013242732394348535671421[CỔ ĐÔNG],K9,Table84141941013242732394348535671421[LỢI NHUẬN RÒNG]) -> 40189505 | O9: =SUMIF(Table84141941013242732394348535671421[CỔ ĐÔNG],Table95152051114252833404449545781522[[#This Row],[CỔ ĐÔNG]],Table84141941013242732394348535671421[TỔNG NHẬN]) -> 3.8709117e+08
A10: S8 | B10: CHUNG | C10: 25 | D10: 5500000 | E10: 2207328 | F10: 1146458.6 | G10: =D10+Table84141941013242732394348535671421[[#This Row],[LỢI NHUẬN RÒNG]] -> 6646458.6 | K10: HUY | L10: =SUMIF(Table84141941013242732394348535671421[CỔ ĐÔNG],K10,Table84141941013242732394348535671421[VỐN CP]) -> 35435000 | M10: =SUMIF(Table84141941013242732394348535671421[CỔ ĐÔNG],K10,Table84141941013242732394348535671421[LỢI NHUẬN GỘP]) -> 8409582.1 | N10: =SUMIF(Table84141941013242732394348535671421[CỔ ĐÔNG],K10,Table84141941013242732394348535671421[LỢI NHUẬN RÒNG]) -> -198625.84 | O10: =SUMIF(Table84141941013242732394348535671421[CỔ ĐÔNG],Table95152051114252833404449545781522[[#This Row],[CỔ ĐÔNG]],Table84141941013242732394348535671421[TỔNG NHẬN]) -> 35236374
A11: S9 | B11: CHUNG | C11: 20 | D11: 14780000 | E11: 4352419.1 | F11: 3013258.6 | G11: =D11+Table84141941013242732394348535671421[[#This Row],[LỢI NHUẬN RÒNG]] -> 17793259 | K11: HUY ANH | L11: =SUMIF(Table84141941013242732394348535671421[CỔ ĐÔNG],K11,Table84141941013242732394348535671421[VỐN CP]) -> 96943333 | M11: =SUMIF(Table84141941013242732394348535671421[CỔ ĐÔNG],K11,Table84141941013242732394348535671421[LỢI NHUẬN GỘP]) -> 29976168 | N11: =SUMIF(Table84141941013242732394348535671421[CỔ ĐÔNG],K11,Table84141941013242732394348535671421[LỢI NHUẬN RÒNG]) -> 9206010.4 | O11: =SUMIF(Table84141941013242732394348535671421[CỔ ĐÔNG],Table95152051114252833404449545781522[[#This Row],[CỔ ĐÔNG]],Table84141941013242732394348535671421[TỔNG NHẬN]) -> 1.0614934e+08
A12: S10 | B12: CHUNG | C12: 30 | D12: 13830000 | E12: 121559.4 | F12: -1416797.3 | G12: =D12+Table84141941013242732394348535671421[[#This Row],[LỢI NHUẬN RÒNG]] -> 12413203 | K12: KIÊN | L12: =SUMIF(Table84141941013242732394348535671421[CỔ ĐÔNG],K12,Table84141941013242732394348535671421[VỐN CP]) -> 79870000 | M12: =SUMIF(Table84141941013242732394348535671421[CỔ ĐÔNG],K12,Table84141941013242732394348535671421[LỢI NHUẬN GỘP]) -> 17392711 | N12: =SUMIF(Table84141941013242732394348535671421[CỔ ĐÔNG],K12,Table84141941013242732394348535671421[LỢI NHUẬN RÒNG]) -> 3997423.4 | O12: =SUMIF(Table84141941013242732394348535671421[CỔ ĐÔNG],Table95152051114252833404449545781522[[#This Row],[CỔ ĐÔNG]],Table84141941013242732394348535671421[TỔNG NHẬN]) -> 83867423
A13: S11 | B13: CHUNG | C13: 25 | K13: LUẬN | L13: =SUMIF(Table84141941013242732394348535671421[CỔ ĐÔNG],K13,Table84141941013242732394348535671421[VỐN CP]) -> 38848333 | M13: =SUMIF(Table84141941013242732394348535671421[CỔ ĐÔNG],K13,Table84141941013242732394348535671421[LỢI NHUẬN GỘP]) -> 12702653 | N13: =SUMIF(Table84141941013242732394348535671421[CỔ ĐÔNG],K13,Table84141941013242732394348535671421[LỢI NHUẬN RÒNG]) -> 5578834.3 | O13: =SUMIF(Table84141941013242732394348535671421[CỔ ĐÔNG],Table95152051114252833404449545781522[[#This Row],[CỔ ĐÔNG]],Table84141941013242732394348535671421[TỔNG NHẬN]) -> 44427168
A14: S12 | B14: CHUNG | C14: 40 | D14: 20400000 | E14: 2535.6 | F14: -3382769.9 | G14: =D14+Table84141941013242732394348535671421[[#This Row],[LỢI NHUẬN RÒNG]] -> 17017230 | K14: MẠNH | L14: =SUMIF(Table84141941013242732394348535671421[CỔ ĐÔNG],K14,Table84141941013242732394348535671421[VỐN CP]) -> 1.4606667e+08 | M14: =SUMIF(Table84141941013242732394348535671421[CỔ ĐÔNG],K14,Table84141941013242732394348535671421[LỢI NHUẬN GỘP]) -> 38699809 | N14: =SUMIF(Table84141941013242732394348535671421[CỔ ĐÔNG],K14,Table84141941013242732394348535671421[LỢI NHUẬN RÒNG]) -> 11160121 | O14: =SUMIF(Table84141941013242732394348535671421[CỔ ĐÔNG],Table95152051114252833404449545781522[[#This Row],[CỔ ĐÔNG]],Table84141941013242732394348535671421[TỔNG NHẬN]) -> 1.5722679e+08
A15: S13 | B15: CHUNG | C15: 15 | D15: 9150000 | E15: 1574065.9 | F15: 381637.19 | G15: =D15+Table84141941013242732394348535671421[[#This Row],[LỢI NHUẬN RÒNG]] -> 9531637.2 | K15: NGỌC | L15: =SUMIF(Table84141941013242732394348535671421[CỔ ĐÔNG],K15,Table84141941013242732394348535671421[VỐN CP]) -> 61608333 | M15: =SUMIF(Table84141941013242732394348535671421[CỔ ĐÔNG],K15,Table84141941013242732394348535671421[LỢI NHUẬN GỘP]) -> 19472843 | N15: =SUMIF(Table84141941013242732394348535671421[CỔ ĐÔNG],K15,Table84141941013242732394348535671421[LỢI NHUẬN RÒNG]) -> 9829742.1 | O15: =SUMIF(Table84141941013242732394348535671421[CỔ ĐÔNG],Table95152051114252833404449545781522[[#This Row],[CỔ ĐÔNG]],Table84141941013242732394348535671421[TỔNG NHẬN]) -> 71438075
A16: S14 | B16: CHUNG | C16: 20 | D16: 6160000 | E16: 2588953.2 | F16: 1870296.8 | G16: =D16+Table84141941013242732394348535671421[[#This Row],[LỢI NHUẬN RÒNG]] -> 8030296.8 | K16: NỤ | L16: =SUMIF(Table84141941013242732394348535671421[CỔ ĐÔNG],K16,Table84141941013242732394348535671421[VỐN CP]) -> 51421667 | M16: =SUMIF(Table84141941013242732394348535671421[CỔ ĐÔNG],K16,Table84141941013242732394348535671421[LỢI NHUẬN GỘP]) -> 12884979 | N16: =SUMIF(Table84141941013242732394348535671421[CỔ ĐÔNG],K16,Table84141941013242732394348535671421[LỢI NHUẬN RÒNG]) -> 4021213.7 | O16: =SUMIF(Table84141941013242732394348535671421[CỔ ĐÔNG],Table95152051114252833404449545781522[[#This Row],[CỔ ĐÔNG]],Table84141941013242732394348535671421[TỔNG NHẬN]) -> 55442880
A17: S15 | B17: CHUNG | C17: 20 | D17: 9000000 | E17: 3974548.2 | F17: 2098890.2 | G17: =D17+Table84141941013242732394348535671421[[#This Row],[LỢI NHUẬN RÒNG]] -> 11098890 | K17: TÙNG | L17: =SUMIF(Table84141941013242732394348535671421[CỔ ĐÔNG],K17,Table84141941013242732394348535671421[VỐN CP]) -> 160675000 | M17: =SUMIF(Table84141941013242732394348535671421[CỔ ĐÔNG],K17,Table84141941013242732394348535671421[LỢI NHUẬN GỘP]) -> 51141927 | N17: =SUMIF(Table84141941013242732394348535671421[CỔ ĐÔNG],K17,Table84141941013242732394348535671421[LỢI NHUẬN RÒNG]) -> 24234655 | O17: =SUMIF(Table84141941013242732394348535671421[CỔ ĐÔNG],Table95152051114252833404449545781522[[#This Row],[CỔ ĐÔNG]],Table84141941013242732394348535671421[TỔNG NHẬN]) -> 1.8490965e+08
A18: S16 | B18: CHUNG | C18: 20 | D18: 5000000 | E18: 3432997.2 | F18: 2539995.4 | G18: =D18+Table84141941013242732394348535671421[[#This Row],[LỢI NHUẬN RÒNG]] -> 7539995.4 | K18: CƯỜNG | L18: =SUMIF(Table84141941013242732394348535671421[CỔ ĐÔNG],K18,Table84141941013242732394348535671421[VỐN CP]) -> 1583333.3 | M18: =SUMIF(Table84141941013242732394348535671421[CỔ ĐÔNG],K18,Table84141941013242732394348535671421[LỢI NHUẬN GỘP]) -> 127793.72 | N18: =SUMIF(Table84141941013242732394348535671421[CỔ ĐÔNG],K18,Table84141941013242732394348535671421[LỢI NHUẬN RÒNG]) -> -25001.271 | O18: =SUMIF(Table84141941013242732394348535671421[CỔ ĐÔNG],Table95152051114252833404449545781522[[#This Row],[CỔ ĐÔNG]],Table84141941013242732394348535671421[TỔNG NHẬN]) -> 1558332.1
A19: S17 | B19: CHUNG | C19: 10 | D19: 1100000 | E19: 804183.5 | F19: 347916.02 | G19: =D19+Table84141941013242732394348535671421[[#This Row],[LỢI NHUẬN RÒNG]] -> 1447916 | K19: HƯƠNG ANH | L19: =SUMIF(Table84141941013242732394348535671421[CỔ ĐÔNG],K19,Table84141941013242732394348535671421[VỐN CP]) -> 2533333.3 | M19: =SUMIF(Table84141941013242732394348535671421[CỔ ĐÔNG],K19,Table84141941013242732394348535671421[LỢI NHUẬN GỘP]) -> 496342.57 | N19: =SUMIF(Table84141941013242732394348535671421[CỔ ĐÔNG],K19,Table84141941013242732394348535671421[LỢI NHUẬN RÒNG]) -> 127222.02 | O19: =SUMIF(Table84141941013242732394348535671421[CỔ ĐÔNG],Table95152051114252833404449545781522[[#This Row],[CỔ ĐÔNG]],Table84141941013242732394348535671421[TỔNG NHẬN]) -> 2660555.4
A20: S1 | B20: Đ.THẮNG | C20: 10 | D20: 2400000 | E20: 655689.1 | F20: 373081.29 | G20: =D20+Table84141941013242732394348535671421[[#This Row],[LỢI NHUẬN RÒNG]] -> 2773081.3 | K20: HOÀNG ANH | L20: =SUMIF(Table84141941013242732394348535671421[CỔ ĐÔNG],K20,Table84141941013242732394348535671421[VỐN CP]) -> 2083333.3 | M20: =SUMIF(Table84141941013242732394348535671421[CỔ ĐÔNG],K20,Table84141941013242732394348535671421[LỢI NHUẬN GỘP]) -> 538838.67 | N20: =SUMIF(Table84141941013242732394348535671421[CỔ ĐÔNG],K20,Table84141941013242732394348535671421[LỢI NHUẬN RÒNG]) -> 247249.52 | O20: =SUMIF(Table84141941013242732394348535671421[CỔ ĐÔNG],Table95152051114252833404449545781522[[#This Row],[CỔ ĐÔNG]],Table84141941013242732394348535671421[TỔNG NHẬN]) -> 2330582.9
A21: S2 | B21: Đ.THẮNG | C21: 10 | D21: 5100000 | E21: 164981.3 | F21: -1482133 | G21: =D21+Table84141941013242732394348535671421[[#This Row],[LỢI NHUẬN RÒNG]] -> 3617867 | K21: LÂM | L21: =SUMIF(Table84141941013242732394348535671421[CỔ ĐÔNG],K21,Table84141941013242732394348535671421[VỐN CP]) -> 90518333 | M21: =SUMIF(Table84141941013242732394348535671421[CỔ ĐÔNG],K21,Table84141941013242732394348535671421[LỢI NHUẬN GỘP]) -> 26038632 | N21: =SUMIF(Table84141941013242732394348535671421[CỔ ĐÔNG],K21,Table84141941013242732394348535671421[LỢI NHUẬN RÒNG]) -> 9091083.6 | O21: =SUMIF(Table84141941013242732394348535671421[CỔ ĐÔNG],Table95152051114252833404449545781522[[#This Row],[CỔ ĐÔNG]],Table84141941013242732394348535671421[TỔNG NHẬN]) -> 99609417
A22: S3 | B22: Đ.THẮNG | C22: 10 | D22: 4266666.7 | E22: -693526.47 | F22: -1254864.9 | G22: =D22+Table84141941013242732394348535671421[[#This Row],[LỢI NHUẬN RÒNG]] -> 3011801.7 | K22: LINH | L22: =SUMIF(Table84141941013242732394348535671421[CỔ ĐÔNG],K22,Table84141941013242732394348535671421[VỐN CP]) -> 4700000 | M22: =SUMIF(Table84141941013242732394348535671421[CỔ ĐÔNG],K22,Table84141941013242732394348535671421[LỢI NHUẬN GỘP]) -> 2522839 | N22: =SUMIF(Table84141941013242732394348535671421[CỔ ĐÔNG],K22,Table84141941013242732394348535671421[LỢI NHUẬN RÒNG]) -> 1453582.7 | O22: =SUMIF(Table84141941013242732394348535671421[CỔ ĐÔNG],Table95152051114252833404449545781522[[#This Row],[CỔ ĐÔNG]],Table84141941013242732394348535671421[TỔNG NHẬN]) -> 6153582.7
A23: S4 | B23: Đ.THẮNG | C23: 10 | D23: 5070000 | E23: 358349.1 | F23: -696000.83 | G23: =D23+Table84141941013242732394348535671421[[#This Row],[LỢI NHUẬN RÒNG]] -> 4373999.2 | K23: HUYỀN | L23: =SUMIF(Table84141941013242732394348535671421[CỔ ĐÔNG],K23,Table84141941013242732394348535671421[VỐN CP]) -> 13050000 | M23: =SUMIF(Table84141941013242732394348535671421[CỔ ĐÔNG],K23,Table84141941013242732394348535671421[LỢI NHUẬN GỘP]) -> 3344663.4 | N23: =SUMIF(Table84141941013242732394348535671421[CỔ ĐÔNG],K23,Table84141941013242732394348535671421[LỢI NHUẬN RÒNG]) -> 421494.72 | O23: =SUMIF(Table84141941013242732394348535671421[CỔ ĐÔNG],Table95152051114252833404449545781522[[#This Row],[CỔ ĐÔNG]],Table84141941013242732394348535671421[TỔNG NHẬN]) -> 13471495
A24: S1 | B24: HẰNG | C24: 35 | D24: 8400000 | E24: 2294911.9 | F24: 1305784.5 | G24: =D24+Table84141941013242732394348535671421[[#This Row],[LỢI NHUẬN RÒNG]] -> 9705784.5 | K24: ƯỚC | L24: =SUMIF(Table84141941013242732394348535671421[CỔ ĐÔNG],K24,Table84141941013242732394348535671421[VỐN CP]) -> 13350000 | M24: =SUMIF(Table84141941013242732394348535671421[CỔ ĐÔNG],K24,Table84141941013242732394348535671421[LỢI NHUẬN GỘP]) -> 2962056.1 | N24: =SUMIF(Table84141941013242732394348535671421[CỔ ĐÔNG],K24,Table84141941013242732394348535671421[LỢI NHUẬN RÒNG]) -> 920161.67 | O24: =SUMIF(Table84141941013242732394348535671421[CỔ ĐÔNG],Table95152051114252833404449545781522[[#This Row],[CỔ ĐÔNG]],Table84141941013242732394348535671421[TỔNG NHẬN]) -> 14270162
A25: S2 | B25: HẰNG | C25: 35 | D25: 17850000 | E25: 577434.55 | F25: -5187465.4 | G25: =D25+Table84141941013242732394348535671421[[#This Row],[LỢI NHUẬN RÒNG]] -> 12662535 | K25: TỔNG | L25: =SUM(L2:L24) -> 2.0609e+09 | M25: =SUM(M2:M24) -> 5.3163917e+08 | N25: =SUM(N2:N24) -> 1.69244e+08 | O25: =SUM(O2:O24) -> 2.230144e+09
A26: S3 | B26: HẰNG | C26: 30 | D26: 12800000 | E26: -2080579.4 | F26: -3764594.8 | G26: =D26+Table84141941013242732394348535671421[[#This Row],[LỢI NHUẬN RÒNG]] -> 9035405.2
A27: S4 | B27: HẰNG | C27: 30 | D27: 15210000 | E27: 1075047.3 | F27: -2088002.5 | G27: =D27+Table84141941013242732394348535671421[[#This Row],[LỢI NHUẬN RÒNG]] -> 13121998
A28: S5 | B28: HẰNG | C28: 40 | D28: 18000000 | E28: 3453437.2 | F28: 69781.219 | G28: =D28+Table84141941013242732394348535671421[[#This Row],[LỢI NHUẬN RÒNG]] -> 18069781
A29: S6 | B29: HẰNG | C29: 30 | D29: 11400000 | E29: 2653268.9 | F29: 798444.76 | G29: =D29+Table84141941013242732394348535671421[[#This Row],[LỢI NHUẬN RÒNG]] -> 12198445
A30: S7 | B30: HẰNG | C30: 30 | D30: 10800000 | E30: 3506728.4 | F30: 1458095.2 | G30: =D30+Table84141941013242732394348535671421[[#This Row],[LỢI NHUẬN RÒNG]] -> 12258095
A31: S8 | B31: HẰNG | C31: 20 | D31: 4400000 | E31: 1765862.4 | F31: 917166.88 | G31: =D31+Table84141941013242732394348535671421[[#This Row],[LỢI NHUẬN RÒNG]] -> 5317166.9
A32: S9 | B32: HẰNG | C32: 25 | D32: 18475000 | E32: 5440523.8 | F32: 3766573.2 | G32: =D32+Table84141941013242732394348535671421[[#This Row],[LỢI NHUẬN RÒNG]] -> 22241573
A33: S10 | B33: HẰNG | C33: 40 | D33: 18440000 | E33: 162079.2 | F33: -1889063.1 | G33: =D33+Table84141941013242732394348535671421[[#This Row],[LỢI NHUẬN RÒNG]] -> 16550937
A34: S11 | B34: HẰNG | C34: 25
A35: S12 | B35: HẰNG | C35: 50 | D35: 25500000 | E35: 3169.5 | F35: -4228462.4 | G35: =D35+Table84141941013242732394348535671421[[#This Row],[LỢI NHUẬN RÒNG]] -> 21271538
A36: S13 | B36: HẰNG | C36: 20 | D36: 12200000 | E36: 2098754.6 | F36: 508849.58 | G36: =D36+Table84141941013242732394348535671421[[#This Row],[LỢI NHUẬN RÒNG]] -> 12708850
A37: S14 | B37: HẰNG | C37: 10 | D37: 3080000 | E37: 1294476.6 | F37: 935148.39 | G37: =D37+Table84141941013242732394348535671421[[#This Row],[LỢI NHUẬN RÒNG]] -> 4015148.4 | L37: =N25+'Tháng 1 nhà T '!N17 -> 4.4651266e+08
A38: S15 | B38: HẰNG | C38: 20 | D38: 9000000 | E38: 3974548.2 | F38: 2098890.2 | G38: =D38+Table84141941013242732394348535671421[[#This Row],[LỢI NHUẬN RÒNG]] -> 11098890
A39: S16 | B39: HẰNG | C39: 20 | D39: 5000000 | E39: 3432997.2 | F39: 2539995.4 | G39: =D39+Table84141941013242732394348535671421[[#This Row],[LỢI NHUẬN RÒNG]] -> 7539995.4
A40: S17 | B40: HẰNG | C40: 10 | D40: 1100000 | E40: 804183.5 | F40: 347916.02 | G40: =D40+Table84141941013242732394348535671421[[#This Row],[LỢI NHUẬN RÒNG]] -> 1447916
A41: S1 | B41: HÀO | C41: 20 | D41: 4800000 | E41: 1311378.2 | F41: 746162.58 | G41: =D41+Table84141941013242732394348535671421[[#This Row],[LỢI NHUẬN RÒNG]] -> 5546162.6
A42: S2 | B42: HÀO | C42: 10 | D42: 5100000 | E42: 164981.3 | F42: -1482133 | G42: =D42+Table84141941013242732394348535671421[[#This Row],[LỢI NHUẬN RÒNG]] -> 3617867
A43: S4 | B43: HÀO | C43: 10 | D43: 5070000 | E43: 358349.1 | F43: -696000.83 | G43: =D43+Table84141941013242732394348535671421[[#This Row],[LỢI NHUẬN RÒNG]] -> 4373999.2
A44: S5 | B44: HÀO | C44: 20 | D44: 9000000 | E44: 1726718.6 | F44: 34890.61 | G44: =D44+Table84141941013242732394348535671421[[#This Row],[LỢI NHUẬN RÒNG]] -> 9034890.6
A45: S6 | B45: HÀO | C45: 15 | D45: 5700000 | E45: 1326634.4 | F45: 399222.38 | G45: =D45+Table84141941013242732394348535671421[[#This Row],[LỢI NHUẬN RÒNG]] -> 6099222.4
A46: S7 | B46: HÀO | C46: 15 | D46: 5400000 | E46: 1753364.2 | F46: 729047.59 | G46: =D46+Table84141941013242732394348535671421[[#This Row],[LỢI NHUẬN RÒNG]] -> 6129047.6
A47: S8 | B47: HÀO | C47: 15 | D47: 3300000 | E47: 1324396.8 | F47: 687875.16 | G47: =D47+Table84141941013242732394348535671421[[#This Row],[LỢI NHUẬN RÒNG]] -> 3987875.2
A48: S9 | B48: HÀO | C48: 15 | D48: 11085000 | E48: 3264314.3 | F48: 2259943.9 | G48: =D48+Table84141941013242732394348535671421[[#This Row],[LỢI NHUẬN RÒNG]] -> 13344944
A49: S10 | B49: HÀO | C49: 30 | D49: 13830000 | E49: 121559.4 | F49: -1416797.3 | G49: =D49+Table84141941013242732394348535671421[[#This Row],[LỢI NHUẬN RÒNG]] -> 12413203
A50: S11 | B50: HÀO | C50: 30
A51: S13 | B51: HÀO | C51: 30 | D51: 18300000 | E51: 3148131.9 | F51: 763274.37 | G51: =D51+Table84141941013242732394348535671421[[#This Row],[LỢI NHUẬN RÒNG]] -> 19063274
A52: S14 | B52: HÀO | C52: 20 | D52: 6160000 | E52: 2588953.2 | F52: 1870296.8 | G52: =D52+Table84141941013242732394348535671421[[#This Row],[LỢI NHUẬN RÒNG]] -> 8030296.8
A53: S15 | B53: HÀO | C53: 30 | D53: 13500000 | E53: 5961822.3 | F53: 3148335.3 | G53: =D53+Table84141941013242732394348535671421[[#This Row],[LỢI NHUẬN RÒNG]] -> 16648335
A54: S16 | B54: HÀO | C54: 30 | D54: 7500000 | E54: 5149495.8 | F54: 3809993.1 | G54: =D54+Table84141941013242732394348535671421[[#This Row],[LỢI NHUẬN RÒNG]] -> 11309993
A55: S17 | B55: HÀO | C55: 30 | D55: 3300000 | E55: 2412550.5 | F55: 1043748.1 | G55: =D55+Table84141941013242732394348535671421[[#This Row],[LỢI NHUẬN RÒNG]] -> 4343748.1
A56: S3 | B56: HÀO | C56: 10 | D56: 4266666.7 | E56: -693526.47 | F56: -1254864.9 | G56: =D56+Table84141941013242732394348535671421[[#This Row],[LỢI NHUẬN RÒNG]] -> 3011801.7
A57: S14 | B57: HUY | C57: 10 | D57: 3080000 | E57: 1294476.6 | F57: 935148.39 | G57: =D57+Table84141941013242732394348535671421[[#This Row],[LỢI NHUẬN RÒNG]] -> 4015148.4
A58: S15 | B58: HUY ANH | C58: 5 | D58: 2250000 | E58: 993637.05 | F58: 524722.55 | G58: =D58+Table84141941013242732394348535671421[[#This Row],[LỢI NHUẬN RÒNG]] -> 2774722.5
A59: S3 | B59: HUY ANH | C59: 10 | D59: 4266666.7 | E59: -693526.47 | F59: -1254864.9 | G59: =D59+Table84141941013242732394348535671421[[#This Row],[LỢI NHUẬN RÒNG]] -> 3011801.7
